yf_ticker,name,index,exchange
ADMIE.AT,ADMIE Holding,FTSEATHEX,Athens Stock Exchange
ALPHA.AT,Alpha Bank,FTSEATHEX,Athens Stock Exchange
BELA.AT,Jumbo,FTSEATHEX,Athens Stock Exchange
ELLAKTOR.AT,Ellaktor,FTSEATHEX,Athens Stock Exchange
ELPE.AT,Hellenic Petroleum,FTSEATHEX,Athens Stock Exchange
ETE.AT,National Bank of Greece,FTSEATHEX,Athens Stock Exchange
EUPIC.AT,European Reliance,FTSEATHEX,Athens Stock Exchange
EUROB.AT,Eurobank Ergasias,FTSEATHEX,Athens Stock Exchange
EYDAP.AT,Athens Water Supply,FTSEATHEX,Athens Stock Exchange
FLEXO.AT,Flexopack,FTSEATHEX,Athens Stock Exchange
GEBKA.AT,Gebka,FTSEATHEX,Athens Stock Exchange
GEK.AT,GEK Terna,FTSEATHEX,Athens Stock Exchange
GEKTERNA.AT,GEK Terna,FTSEATHEX,Athens Stock Exchange
HTO.AT,Hellenic Telecommunications,FTSEATHEX,Athens Stock Exchange
INLOT.AT,Intralot,FTSEATHEX,Athens Stock Exchange
LAMDA.AT,Lamda Development,FTSEATHEX,Athens Stock Exchange
MOH.AT,Motor Oil Hellas,FTSEATHEX,Athens Stock Exchange
MYTIL.AT,Mytilineos,FTSEATHEX,Athens Stock Exchange
NKAS.AT,Nikos Kazantzakis Airport,FTSEATHEX,Athens Stock Exchange
OPAP.AT,OPAP,FTSEATHEX,Athens Stock Exchange
OTOEL.AT,Autohellas,FTSEATHEX,Athens Stock Exchange
PLATH.AT,Athens Medical Group,FTSEATHEX,Athens Stock Exchange
PPC.AT,Public Power,FTSEATHEX,Athens Stock Exchange
TITC.AT,Titan Cement,FTSEATHEX,Athens Stock Exchange
TPEIR.AT,Piraeus Financial Holdings,FTSEATHEX,Athens Stock Exchange
ACS.MC,ACS,IBEX35,BME Madrid
ACX.MC,Acerinox,IBEX35,BME Madrid
AENA.MC,AENA,IBEX35,BME Madrid
AMS.MC,Amadeus IT Group,IBEX35,BME Madrid
ANA.MC,Acciona,IBEX35,BME Madrid
ANE.MC,Acciona Energía,IBEX35,BME Madrid
BBVA.MC,BBVA,IBEX35,BME Madrid
BKT.MC,Bankinter,IBEX35,BME Madrid
CABK.MC,CaixaBank,IBEX35,BME Madrid
CLNX.MC,Cellnex Telecom,IBEX35,BME Madrid
COL.MC,Inmobiliaria Colonial,IBEX35,BME Madrid
ELE.MC,Endesa,IBEX35,BME Madrid
ENG.MC,Enagás,IBEX35,BME Madrid
FDR.MC,Fluidra,IBEX35,BME Madrid
FER.MC,Ferrovial,IBEX35,BME Madrid
GRF.MC,Grifols,IBEX35,BME Madrid
IAG.MC,International Airlines Group,IBEX35,BME Madrid
IBE.MC,Iberdrola,IBEX35,BME Madrid
IDR.MC,Indra,IBEX35,BME Madrid
ITX.MC,Inditex,IBEX35,BME Madrid
LOG.MC,Logista,IBEX35,BME Madrid
MAP.MC,Mapfre,IBEX35,BME Madrid
MRL.MC,Merlin Properties,IBEX35,BME Madrid
MTS.MC,ArcelorMittal,IBEX35,BME Madrid
NTGY.MC,Naturgy,IBEX35,BME Madrid
PUIG.MC,Puig,IBEX35,BME Madrid
RED.MC,Redeia Corporación,IBEX35,BME Madrid
REP.MC,Repsol,IBEX35,BME Madrid
ROVI.MC,Laboratorios Rovi [es],IBEX35,BME Madrid
SAB.MC,Banco Sabadell,IBEX35,BME Madrid
SAN.MC,Santander,IBEX35,BME Madrid
SCYR.MC,Sacyr,IBEX35,BME Madrid
SLR.MC,Solaria,IBEX35,BME Madrid
TEF.MC,Telefónica,IBEX35,BME Madrid
UNI.MC,Unicaja,IBEX35,BME Madrid
A2A.MI,A2A,FTSEMIB,Borsa Italiana
AMP.MI,Amplifon,FTSEMIB,Borsa Italiana
AVIO.MI,Avio,FTSEMIB,Borsa Italiana
AZM.MI,Azimut,FTSEMIB,Borsa Italiana
BAMI.MI,Banco BPM,FTSEMIB,Borsa Italiana
BC.MI,Brunello Cucinelli,FTSEMIB,Borsa Italiana
BMED.MI,Banca Mediolanum,FTSEMIB,Borsa Italiana
BMPS.MI,Banca Monte dei Paschi di Siena,FTSEMIB,Borsa Italiana
BPE.MI,BPER Banca,FTSEMIB,Borsa Italiana
BZU.MI,Buzzi,FTSEMIB,Borsa Italiana
CPR.MI,Campari,FTSEMIB,Borsa Italiana
DIA.MI,Diasorin,FTSEMIB,Borsa Italiana
ENEL.MI,Enel,FTSEMIB,Borsa Italiana
ENI.MI,Eni,FTSEMIB,Borsa Italiana
FBK.MI,FinecoBank,FTSEMIB,Borsa Italiana
FCT.MI,Fincantieri,FTSEMIB,Borsa Italiana
G.MI,Generali,FTSEMIB,Borsa Italiana
HER.MI,Hera,FTSEMIB,Borsa Italiana
IG.MI,Italgas,FTSEMIB,Borsa Italiana
INW.MI,INWIT,FTSEMIB,Borsa Italiana
ISP.MI,Intesa Sanpaolo,FTSEMIB,Borsa Italiana
IVG.MI,Iveco,FTSEMIB,Borsa Italiana
LDO.MI,Leonardo,FTSEMIB,Borsa Italiana
LTMC.MI,Lottomatica Group,FTSEMIB,Borsa Italiana
MB.MI,Mediobanca,FTSEMIB,Borsa Italiana
MONC.MI,Moncler,FTSEMIB,Borsa Italiana
NEXI.MI,Nexi,FTSEMIB,Borsa Italiana
PRY.MI,Prysmian,FTSEMIB,Borsa Italiana
PST.MI,Poste italiane,FTSEMIB,Borsa Italiana
RACE.MI,Ferrari,FTSEMIB,Borsa Italiana
REC.MI,Recordati,FTSEMIB,Borsa Italiana
SPM.MI,Saipem,FTSEMIB,Borsa Italiana
SRG.MI,Snam,FTSEMIB,Borsa Italiana
STLAM.MI,Stellantis,FTSEMIB,Borsa Italiana
STMMI.MI,STMicroelectronics,FTSEMIB,Borsa Italiana
TEN.MI,Tenaris,FTSEMIB,Borsa Italiana
TIT.MI,Telecom Italia,FTSEMIB,Borsa Italiana
TRN.MI,Terna,FTSEMIB,Borsa Italiana
UCG.MI,UniCredit,FTSEMIB,Borsa Italiana
UNI.MI,Unipol,FTSEMIB,Borsa Italiana
1SXP.F,Schott Pharma AG & CO KGaA,SDAX70,Deutsche Boerse Frankfurt
1U1.F,1&1 AG,SDAX70,Deutsche Boerse Frankfurt
8OT.F,Douglas Elliman Inc.,SDAX70,Deutsche Boerse Frankfurt
8TRA.F,Traton,MDAX50,Deutsche Boerse Frankfurt
AAD.F,Amadeus FiRe AG,SDAX70,Deutsche Boerse Frankfurt
ACT.F,AlzChem Group AG,SDAX70,Deutsche Boerse Frankfurt
ADN1.F,adesso SE,SDAX70,Deutsche Boerse Frankfurt
ADS.F,Adidas,DAX40,Deutsche Boerse Frankfurt
ADV.F,Adtran Networks SE,SDAX70,Deutsche Boerse Frankfurt
AFX.F,Carl Zeiss Meditec,MDAX50,Deutsche Boerse Frankfurt
AIR.F,Airbus,DAX40,Deutsche Boerse Frankfurt
AIXA.F,Aixtron,MDAX50,Deutsche Boerse Frankfurt
ALV.F,Allianz,DAX40,Deutsche Boerse Frankfurt
AOF.F,ATOSS Software AG,SDAX70,Deutsche Boerse Frankfurt
AT1.F,Aroundtown,MDAX50,Deutsche Boerse Frankfurt
BAS.F,BASF,DAX40,Deutsche Boerse Frankfurt
BAYN.F,Bayer,DAX40,Deutsche Boerse Frankfurt
BC8.F,Bechtle,MDAX50,Deutsche Boerse Frankfurt
BEI.F,Beiersdorf,DAX40,Deutsche Boerse Frankfurt
BFSA.F,Befesa,MDAX50,Deutsche Boerse Frankfurt
BMW.F,BMW,DAX40,Deutsche Boerse Frankfurt
BNR.F,Brenntag,DAX40,Deutsche Boerse Frankfurt
BOSS.F,Hugo Boss,MDAX50,Deutsche Boerse Frankfurt
BVB.F,Borussia Dortmund GmbH & Co. Kommanditgesellschaft auf Aktien,SDAX70,Deutsche Boerse Frankfurt
CBK.F,Commerzbank,DAX40,Deutsche Boerse Frankfurt
COK.F,Cancom SE,SDAX70,Deutsche Boerse Frankfurt
CON.F,Continental,DAX40,Deutsche Boerse Frankfurt
CWC.F,CEWE Stiftung & Co. KGaA,SDAX70,Deutsche Boerse Frankfurt
DB1.F,Deutsche Börse,DAX40,Deutsche Boerse Frankfurt
DBAN.F,Deutsche Beteiligungs AG,SDAX70,Deutsche Boerse Frankfurt
DBK.F,Deutsche Bank,DAX40,Deutsche Boerse Frankfurt
DEQ.F,Deutsche EuroShop AG,SDAX70,Deutsche Boerse Frankfurt
DEZ.F,DEUTZ Aktiengesellschaft,SDAX70,Deutsche Boerse Frankfurt
DHER.F,Delivery Hero,MDAX50,Deutsche Boerse Frankfurt
DHL.F,Deutsche Post,DAX40,Deutsche Boerse Frankfurt
DMP.F,Dermapharm Holding SE,SDAX70,Deutsche Boerse Frankfurt
DTE.F,Deutsche Telekom,DAX40,Deutsche Boerse Frankfurt
DTG.F,Daimler Truck,DAX40,Deutsche Boerse Frankfurt
ECV.F,Encavis,MDAX50,Deutsche Boerse Frankfurt
EKT.F,Energiekontor AG,SDAX70,Deutsche Boerse Frankfurt
ELG.F,Elmos Semiconductor SE,SDAX70,Deutsche Boerse Frankfurt
ENR.F,Siemens Energy,DAX40,Deutsche Boerse Frankfurt
EOAN.F,E.ON,DAX40,Deutsche Boerse Frankfurt
EUZ.F,Eckert & Ziegler Strahlen- und Medizintechnik AG,SDAX70,Deutsche Boerse Frankfurt
EVD.F,CTS Eventim,MDAX50,Deutsche Boerse Frankfurt
EVK.F,Evonik,MDAX50,Deutsche Boerse Frankfurt
EVT.F,Evotec,MDAX50,Deutsche Boerse Frankfurt
F3C.F,SFC Energy AG,SDAX70,Deutsche Boerse Frankfurt
FME.F,Fresenius Medical Care,DAX40,Deutsche Boerse Frankfurt
FNTN.F,Freenet,MDAX50,Deutsche Boerse Frankfurt
FPE3.F,Fuchs Petrolub,MDAX50,Deutsche Boerse Frankfurt
FRA.F,Fraport,MDAX50,Deutsche Boerse Frankfurt
FRE.F,Fresenius,DAX40,Deutsche Boerse Frankfurt
FYB.F,Formycon AG,SDAX70,Deutsche Boerse Frankfurt
G1A.F,GEA Group,DAX40,Deutsche Boerse Frankfurt
G24.F,Scout24,DAX40,Deutsche Boerse Frankfurt
GBF.F,Bilfinger,MDAX50,Deutsche Boerse Frankfurt
GFT.F,GFT Technologies SE,SDAX70,Deutsche Boerse Frankfurt
GLJ.F,Grenke AG,SDAX70,Deutsche Boerse Frankfurt
GXI.F,Gerresheimer,MDAX50,Deutsche Boerse Frankfurt
GYC.F,Grand City Properties S.A.,SDAX70,Deutsche Boerse Frankfurt
HAG.F,Hensoldt,MDAX50,Deutsche Boerse Frankfurt
HBH.F,HORNBACH Holding AG & Co. KGaA,SDAX70,Deutsche Boerse Frankfurt
HDD.F,Heidelberger Druckmaschinen Aktiengesellschaft,SDAX70,Deutsche Boerse Frankfurt
HEI.F,Heidelberg Materials,DAX40,Deutsche Boerse Frankfurt
HEN3.F,Henkel,DAX40,Deutsche Boerse Frankfurt
HFG.F,HelloFresh,MDAX50,Deutsche Boerse Frankfurt
HLE.F,Hella,MDAX50,Deutsche Boerse Frankfurt
HNR1.F,Hannover Re,DAX40,Deutsche Boerse Frankfurt
HOT.F,Hochtief,MDAX50,Deutsche Boerse Frankfurt
HYQ.F,Hypoport SE,SDAX70,Deutsche Boerse Frankfurt
IFX.F,Infineon Technologies,DAX40,Deutsche Boerse Frankfurt
INH.F,INDUS Holding AG,SDAX70,Deutsche Boerse Frankfurt
JEN.F,Jenoptik,MDAX50,Deutsche Boerse Frankfurt
JST.F,JOST Werke AG,SDAX70,Deutsche Boerse Frankfurt
JUN3.F,Jungheinrich,MDAX50,Deutsche Boerse Frankfurt
KBX.F,Knorr-Bremse,MDAX50,Deutsche Boerse Frankfurt
KGX.F,KION Group,MDAX50,Deutsche Boerse Frankfurt
KRN.F,Krones,MDAX50,Deutsche Boerse Frankfurt
KSB.F,KSB SE & Co. KGaA,SDAX70,Deutsche Boerse Frankfurt
KTN.F,Kontron AG,SDAX70,Deutsche Boerse Frankfurt
KWS.F,KWS SAAT SE & Co KGaA,SDAX70,Deutsche Boerse Frankfurt
LEG.F,LEG Immobilien,MDAX50,Deutsche Boerse Frankfurt
LHA.F,Lufthansa,MDAX50,Deutsche Boerse Frankfurt
LPK.F,LPKF Laser & Electronics AG,SDAX70,Deutsche Boerse Frankfurt
LXS.F,Lanxess,MDAX50,Deutsche Boerse Frankfurt
MBB.F,MBB SE,SDAX70,Deutsche Boerse Frankfurt
MBG.F,Mercedes-Benz Group,DAX40,Deutsche Boerse Frankfurt
MRK.F,Merck,DAX40,Deutsche Boerse Frankfurt
MTX.F,MTU Aero Engines,DAX40,Deutsche Boerse Frankfurt
MUV2.F,Munich Re,DAX40,Deutsche Boerse Frankfurt
MUX.F,Mutares SE & Co. KGaA,SDAX70,Deutsche Boerse Frankfurt
NA9.F,Nagarro SE,SDAX70,Deutsche Boerse Frankfurt
NCH2.F,thyssenkrupp nucera AG & Co. KGaA,SDAX70,Deutsche Boerse Frankfurt
NDA.F,Aurubis,MDAX50,Deutsche Boerse Frankfurt
NDX1.F,Nordex,MDAX50,Deutsche Boerse Frankfurt
NEM.F,Nemetschek,MDAX50,Deutsche Boerse Frankfurt
NOEJ.F,NORMA Group SE,SDAX70,Deutsche Boerse Frankfurt
PAH3.F,Porsche SE,DAX40,Deutsche Boerse Frankfurt
PAT.F,PATRIZIA SE,SDAX70,Deutsche Boerse Frankfurt
PCZ.F,ProCredit Holding AG,SDAX70,Deutsche Boerse Frankfurt
PNE3.F,PNE AG,SDAX70,Deutsche Boerse Frankfurt
PSM.F,ProSiebenSat.1 Media SE,SDAX70,Deutsche Boerse Frankfurt
PUM.F,Puma,MDAX50,Deutsche Boerse Frankfurt
QIA.F,Qiagen,DAX40,Deutsche Boerse Frankfurt
RAA.F,Rational,MDAX50,Deutsche Boerse Frankfurt
RDC.F,Redcare Pharmacy,MDAX50,Deutsche Boerse Frankfurt
RHM.F,Rheinmetall,DAX40,Deutsche Boerse Frankfurt
RRTL.F,RTL Group,MDAX50,Deutsche Boerse Frankfurt
RWE.F,RWE,DAX40,Deutsche Boerse Frankfurt
S92.F,SMA Solar Technology AG,SDAX70,Deutsche Boerse Frankfurt
SAP.F,SAP,DAX40,Deutsche Boerse Frankfurt
SAX.F,Ströer,MDAX50,Deutsche Boerse Frankfurt
SBS.F,Stratec SE,SDAX70,Deutsche Boerse Frankfurt
SDF.F,K+S,MDAX50,Deutsche Boerse Frankfurt
SFQ.F,SAF-Holland SE,SDAX70,Deutsche Boerse Frankfurt
SHA0.F,Schaeffler AG,SDAX70,Deutsche Boerse Frankfurt
SHL.F,Siemens Healthineers,DAX40,Deutsche Boerse Frankfurt
SIE.F,Siemens,DAX40,Deutsche Boerse Frankfurt
SIX3.F,Sixt SE,SDAX70,Deutsche Boerse Frankfurt
SPG.F,Springer Nature AG & Co. KGaA,SDAX70,Deutsche Boerse Frankfurt
STM.F,Stabilus,MDAX50,Deutsche Boerse Frankfurt
STO3.F,Sto SE & Co KGaA,SDAX70,Deutsche Boerse Frankfurt
SY1.F,Symrise,DAX40,Deutsche Boerse Frankfurt
SZG.F,Salzgitter AG,SDAX70,Deutsche Boerse Frankfurt
TEG.F,TAG Tegernsee Immobilien und Beteiligung,MDAX50,Deutsche Boerse Frankfurt
TKA.F,ThyssenKrupp,MDAX50,Deutsche Boerse Frankfurt
TLX.F,Talanx,MDAX50,Deutsche Boerse Frankfurt
TMV.F,TeamViewer,MDAX50,Deutsche Boerse Frankfurt
TPE.F,PVA TePla AG,SDAX70,Deutsche Boerse Frankfurt
TUI1.F,TUI,MDAX50,Deutsche Boerse Frankfurt
UTDI.F,United Internet,MDAX50,Deutsche Boerse Frankfurt
VNA.F,Vonovia,DAX40,Deutsche Boerse Frankfurt
VOS.F,Vossloh AG,SDAX70,Deutsche Boerse Frankfurt
VOW3.F,Volkswagen Group,DAX40,Deutsche Boerse Frankfurt
VRV.F,Verve Group SE                N,SDAX70,Deutsche Boerse Frankfurt
WAC.F,Wacker Neuson SE,SDAX70,Deutsche Boerse Frankfurt
WAF.F,Siltronic,MDAX50,Deutsche Boerse Frankfurt
WCH.F,Wacker Chemie,MDAX50,Deutsche Boerse Frankfurt
YSN.F,secunet Security Networks Aktiengesellschaft,SDAX70,Deutsche Boerse Frankfurt
YT2A.F,"Atresmedia Corporación de Medios de Comunicación, S.A.",SDAX70,Deutsche Boerse Frankfurt
ZAL.F,Zalando,DAX40,Deutsche Boerse Frankfurt
ABN.AS,ABN AMRO,AEX25,Euronext Amsterdam
AD.AS,Ahold Delhaize,AEX25,Euronext Amsterdam
ADYEN.AS,Adyen,AEX25,Euronext Amsterdam
AGN.AS,Aegon,AEX25,Euronext Amsterdam
AKZA.AS,AkzoNobel,AEX25,Euronext Amsterdam
ASM.AS,ASM International,AEX25,Euronext Amsterdam
ASML.AS,ASML Holding,AEX25,Euronext Amsterdam
ASRNL.AS,ASR Nederland,AEX25,Euronext Amsterdam
BESI.AS,BE Semiconductors,AEX25,Euronext Amsterdam
DSFIR.AS,DSM Firmenich AG,AEX25,Euronext Amsterdam
EXO.AS,Exor,AEX25,Euronext Amsterdam
HEIA.AS,Heineken,AEX25,Euronext Amsterdam
IMCD.AS,IMCD,AEX25,Euronext Amsterdam
INGA.AS,ING Group,AEX25,Euronext Amsterdam
KPN.AS,KPN,AEX25,Euronext Amsterdam
MT.AS,ArcelorMittal,AEX25,Euronext Amsterdam
NN.AS,NN Group,AEX25,Euronext Amsterdam
PHIA.AS,Philips,AEX25,Euronext Amsterdam
PRX.AS,Prosus,AEX25,Euronext Amsterdam
RAND.AS,Randstad,AEX25,Euronext Amsterdam
REN.AS,RELX,AEX25,Euronext Amsterdam
SHELL.AS,Shell plc,AEX25,Euronext Amsterdam
UMG.AS,Universal Music Group,AEX25,Euronext Amsterdam
UNA.AS,Unilever,AEX25,Euronext Amsterdam
WKL.AS,Wolters Kluwer,AEX25,Euronext Amsterdam
Euronext Amsterdam: APAM.BR,Aperam,BEL20,Euronext Brussels
Euronext Brussels: ABI.BR,AB InBev,BEL20,Euronext Brussels
Euronext Brussels: ACKB.BR,Ackermans & van Haaren,BEL20,Euronext Brussels
Euronext Brussels: AED.BR,Aedifica,BEL20,Euronext Brussels
Euronext Brussels: AGS.BR,Ageas,BEL20,Euronext Brussels
Euronext Brussels: ARGX.BR,arGEN-X [nl],BEL20,Euronext Brussels
Euronext Brussels: AZE.BR,Azelis Group,BEL20,Euronext Brussels
Euronext Brussels: DIE.BR,D'Ieteren,BEL20,Euronext Brussels
Euronext Brussels: ELI.BR,Elia Group,BEL20,Euronext Brussels
Euronext Brussels: GBLB.BR,GBL,BEL20,Euronext Brussels
Euronext Brussels: KBC.BR,KBC,BEL20,Euronext Brussels
Euronext Brussels: LOTB.BR,Lotus Bakeries,BEL20,Euronext Brussels
Euronext Brussels: MELE.BR,Melexis [nl],BEL20,Euronext Brussels
Euronext Brussels: MONT.BR,Montea,BEL20,Euronext Brussels
Euronext Brussels: SOF.BR,Sofina,BEL20,Euronext Brussels
Euronext Brussels: SOLB.BR,Solvay,BEL20,Euronext Brussels
Euronext Brussels: SYENS.BR,Syensqo,BEL20,Euronext Brussels
Euronext Brussels: UCB.BR,UCB,BEL20,Euronext Brussels
Euronext Brussels: UMI.BR,Umicore,BEL20,Euronext Brussels
Euronext Brussels: WDP.BR,WDP [nl],BEL20,Euronext Brussels
Euronext Dublin: A5G.IR,AIB Group,ISEQ20,Euronext Dublin
Euronext Dublin: BIRG.IR,Bank of Ireland,ISEQ20,Euronext Dublin
Euronext Dublin: C5H.IR,Cairn Homes,ISEQ20,Euronext Dublin
Euronext Dublin: DHG.IR,Dalata Hotel Group,ISEQ20,Euronext Dublin
Euronext Dublin: EG7.IR,FBD Holdings,ISEQ20,Euronext Dublin
Euronext Dublin: GL9.IR,Glanbia,ISEQ20,Euronext Dublin
Euronext Dublin: GRP.IR,Greencoat Renewables,ISEQ20,Euronext Dublin
Euronext Dublin: GVR.IR,Glenveagh Properties,ISEQ20,Euronext Dublin
Euronext Dublin: GYQ.IR,FD Technologies,ISEQ20,Euronext Dublin
Euronext Dublin: IR5B.IR,Irish Continental Group,ISEQ20,Euronext Dublin
Euronext Dublin: IRES.IR,Irish Residential Properties REIT,ISEQ20,Euronext Dublin
Euronext Dublin: KMR.IR,Kenmare Resources,ISEQ20,Euronext Dublin
Euronext Dublin: KRX.IR,Kingspan Group,ISEQ20,Euronext Dublin
Euronext Dublin: KRZ.IR,Kerry Group,ISEQ20,Euronext Dublin
Euronext Dublin: MLC.IR,Malin Corp.,ISEQ20,Euronext Dublin
Euronext Dublin: OIZ.IR,Origin Enterprises,ISEQ20,Euronext Dublin
Euronext Dublin: PTSB.IR,Permanent TSB,ISEQ20,Euronext Dublin
Euronext Dublin: RY4C.IR,Ryanair Holdings,ISEQ20,Euronext Dublin
Euronext Dublin: SK3.IR,Smurfit Kappa,ISEQ20,Euronext Dublin
Euronext Dublin: UPR.IR,Uniphar,ISEQ20,Euronext Dublin
ALTR.LS,Altri,PSI20,Euronext Lisbon
BCP.LS,Banco Comercial Português,PSI20,Euronext Lisbon
COR.LS,Corticeira Amorim,PSI20,Euronext Lisbon
CTT.LS,CTT Correios de Portugal,PSI20,Euronext Lisbon
EDP.LS,Energias de Portugal,PSI20,Euronext Lisbon
EDPR.LS,EDP Renováveis,PSI20,Euronext Lisbon
EGL.LS,Mota-Engil,PSI20,Euronext Lisbon
GALP.LS,Galp Energia,PSI20,Euronext Lisbon
IBS.LS,Ibersol,PSI20,Euronext Lisbon
JMT.LS,Jerónimo Martins,PSI20,Euronext Lisbon
NBA.LS,Novabase,PSI20,Euronext Lisbon
NOS.LS,NOS,PSI20,Euronext Lisbon
NVG.LS,The Navigator Company,PSI20,Euronext Lisbon
PHR.LS,Pharol,PSI20,Euronext Lisbon
RENE.LS,Redes Energéticas Nacionais,PSI20,Euronext Lisbon
SEM.LS,Semapa,PSI20,Euronext Lisbon
SON.LS,Sonae,PSI20,Euronext Lisbon
SONC.LS,Sonae Capital,PSI20,Euronext Lisbon
AC.PA,Accor,CAC40,Euronext Paris
ACA.PA,Crédit Agricole,CAC40,Euronext Paris
AI.PA,Air Liquide,CAC40,Euronext Paris
AIR.PA,Airbus,CAC40,Euronext Paris
BN.PA,Danone,CAC40,Euronext Paris
BNP.PA,BNP Paribas,CAC40,Euronext Paris
BVI.PA,Bureau Veritas,CAC40,Euronext Paris
CA.PA,Carrefour,CAC40,Euronext Paris
CAP.PA,Capgemini,CAC40,Euronext Paris
CS.PA,Axa,CAC40,Euronext Paris
DG.PA,Vinci,CAC40,Euronext Paris
DSY.PA,Dassault Systèmes,CAC40,Euronext Paris
EDEN.PA,Edenred,CAC40,Euronext Paris
EL.PA,EssilorLuxottica,CAC40,Euronext Paris
EN.PA,Bouygues,CAC40,Euronext Paris
ENGI.PA,Engie,CAC40,Euronext Paris
ERF.PA,Eurofins Scientific,CAC40,Euronext Paris
GLE.PA,Société Générale,CAC40,Euronext Paris
HO.PA,Thales,CAC40,Euronext Paris
KER.PA,Kering,CAC40,Euronext Paris
LR.PA,Legrand,CAC40,Euronext Paris
MC.PA,LVMH,CAC40,Euronext Paris
ML.PA,Michelin,CAC40,Euronext Paris
MT.PA,ArcelorMittal,CAC40,Euronext Paris
OR.PA,L'Oréal,CAC40,Euronext Paris
ORA.PA,Orange,CAC40,Euronext Paris
PUB.PA,Publicis,CAC40,Euronext Paris
RI.PA,Pernod Ricard,CAC40,Euronext Paris
RMS.PA,Hermès,CAC40,Euronext Paris
RNO.PA,Renault,CAC40,Euronext Paris
SAF.PA,Safran,CAC40,Euronext Paris
SAN.PA,Sanofi,CAC40,Euronext Paris
SGO.PA,Saint-Gobain,CAC40,Euronext Paris
STLAP.PA,Stellantis,CAC40,Euronext Paris
STMPA.PA,STMicroelectronics,CAC40,Euronext Paris
SU.PA,Schneider Electric,CAC40,Euronext Paris
TEP.PA,Teleperformance,CAC40,Euronext Paris
TTE.PA,TotalEnergies,CAC40,Euronext Paris
URW.PA,Unibail-Rodamco-Westfield,CAC40,Euronext Paris
VIE.PA,Veolia,CAC40,Euronext Paris
3IN.L,3i Infrastructure,FTSE250,London Stock Exchange
AAF.L,Airtel Africa,FTSE100,London Stock Exchange
AAL.L,Anglo American plc,FTSE100,London Stock Exchange
AAS.L,Aberdeen Asia Focus,FTSE250,London Stock Exchange
ABDN.L,Aberdeen Group,FTSE250,London Stock Exchange
ABF.L,Associated British Foods,FTSE100,London Stock Exchange
ADM.L,Admiral Group,FTSE100,London Stock Exchange
AEP.L,AEP Plantations,FTSE250,London Stock Exchange
AEWU.L,AEW UK REIT,FTSESmallCap,London Stock Exchange
AGT.L,AVI Global Trust,FTSE250,London Stock Exchange
AIE.L,Ashoka India Equity Investment Trust,FTSE250,London Stock Exchange
AJB.L,AJ Bell,FTSE250,London Stock Exchange
ALFA.L,Alfa Financial Software,FTSE250,London Stock Exchange
ALW.L,Alliance Witan,FTSE100,London Stock Exchange
AML.L,Aston Martin Lagonda,FTSE250,London Stock Exchange
ANTO.L,Antofagasta plc,FTSE100,London Stock Exchange
AO.L,AO World,FTSE250,London Stock Exchange
APN.L,Applied Nutrition,FTSE250,London Stock Exchange
APTD.L,Aptitude Software Group,FTSESmallCap,London Stock Exchange
ASHM.L,Ashmore Group,FTSE250,London Stock Exchange
ASIT.L,Aberforth Split Level Income Trust,FTSESmallCap,London Stock Exchange
ASL.L,Aberforth Smaller Companies Trust,FTSE250,London Stock Exchange
ATR.L,Schroder Asian Total Return Investment Company,FTSE250,London Stock Exchange
ATS.L,Artemis Alpha Trust,FTSESmallCap,London Stock Exchange
ATT.L,Allianz Technology Trust,FTSE250,London Stock Exchange
ATYM.L,Atalaya Mining,FTSE250,London Stock Exchange
AUGM.L,Augmentum Fintech,FTSESmallCap,London Stock Exchange
AUTO.L,Autotrader Group,FTSE100,London Stock Exchange
AV.L,Aviva,FTSE100,London Stock Exchange
AVON.L,Avon Technologies,FTSE250,London Stock Exchange
AZN.L,AstraZeneca,FTSE100,London Stock Exchange
BA.L,BAE Systems,FTSE100,London Stock Exchange
BAB.L,Babcock International,FTSE100,London Stock Exchange
BAG.L,A.G. Barr,FTSE250,London Stock Exchange
BARC.L,Barclays,FTSE100,London Stock Exchange
BATS.L,British American Tobacco,FTSE100,London Stock Exchange
BBOX.L,Tritax Big Box REIT,FTSE100,London Stock Exchange
BBY.L,Balfour Beatty,FTSE250,London Stock Exchange
BCG.L,Baltic Classifieds,FTSE250,London Stock Exchange
BEZ.L,Beazley,FTSE100,London Stock Exchange
BGEO.L,Lion Finance Group,FTSE100,London Stock Exchange
BGEU.L,Baillie Gifford European Growth Trust,FTSESmallCap,London Stock Exchange
BGFD.L,Baillie Gifford Japan Trust,FTSE250,London Stock Exchange
BGS.L,Baillie Gifford Shin Nippon,FTSESmallCap,London Stock Exchange
BHMG.L,BH Macro,FTSE250,London Stock Exchange
BKG.L,Berkeley Group Holdings,FTSE100,London Stock Exchange
BLND.L,British Land,FTSE100,London Stock Exchange
BME.L,B&M,FTSE250,London Stock Exchange
BNKR.L,Bankers Investment Trust,FTSE250,London Stock Exchange
BNZL.L,Bunzl,FTSE100,London Stock Exchange
BOOT.L,Henry Boot,FTSESmallCap,London Stock Exchange
BOWL.L,Hollywood Bowl Group,FTSE250,London Stock Exchange
BOY.L,Bodycote,FTSE250,London Stock Exchange
BP.L,BP,FTSE100,London Stock Exchange
BPCR.L,Biopharma Credit,FTSE250,London Stock Exchange
BPT.L,Bridgepoint Group,FTSE250,London Stock Exchange
BRBY.L,Burberry Group,FTSE100,London Stock Exchange
BREE.L,Breedon Group,FTSE250,London Stock Exchange
BRGE.L,BlackRock Greater Europe Investment Trust,FTSE250,London Stock Exchange
BRSC.L,BlackRock Smaller Companies Trust,FTSE250,London Stock Exchange
BRWM.L,BlackRock World Mining Trust,FTSE250,London Stock Exchange
BSIF.L,Bluefield Solar Income Fund,FTSE250,London Stock Exchange
BT.L,BT Group,FTSE100,London Stock Exchange
BTRW.L,Barratt Redrow,FTSE100,London Stock Exchange
BUT.L,Brunner Investment Trust,FTSE250,London Stock Exchange
BWY.L,Bellway,FTSE250,London Stock Exchange
BYG.L,Big Yellow Group,FTSE250,London Stock Exchange
BYIT.L,Bytes Technology Group,FTSE250,London Stock Exchange
CABP.L,CAB Payments,FTSESmallCap,London Stock Exchange
CAPD.L,Capital Limited,FTSESmallCap,London Stock Exchange
CARD.L,Card Factory,FTSESmallCap,London Stock Exchange
CBG.L,Close Brothers Group,FTSE250,London Stock Exchange
CCC.L,Computacenter,FTSE250,London Stock Exchange
CCEP.L,Coca-Cola Europacific Partners,FTSE100,London Stock Exchange
CCH.L,Coca-Cola HBC,FTSE100,London Stock Exchange
CCR.L,C&C Group,FTSE250,London Stock Exchange
CGT.L,Capital Gearing Trust,FTSE250,London Stock Exchange
CHG.L,Chemring Group,FTSE250,London Stock Exchange
CHRY.L,Chrysalis Investments,FTSE250,London Stock Exchange
CKN.L,Clarkson,FTSE250,London Stock Exchange
CLDN.L,Caledonia Investments,FTSE250,London Stock Exchange
CLI.L,CLS Holdings,FTSESmallCap,London Stock Exchange
CLIG.L,City of London Investment Group,FTSESmallCap,London Stock Exchange
CMCX.L,CMC Markets,FTSE250,London Stock Exchange
CNA.L,Centrica,FTSE100,London Stock Exchange
CNE.L,Capricorn Energy,FTSESmallCap,London Stock Exchange
COA.L,Coats Group,FTSE250,London Stock Exchange
COST.L,Costain Group,FTSE250,London Stock Exchange
CPG.L,Compass Group,FTSE100,London Stock Exchange
CPI.L,Capita,FTSESmallCap,London Stock Exchange
CRDA.L,Croda International,FTSE100,London Stock Exchange
CREI.L,Custodian Reit,FTSESmallCap,London Stock Exchange
CSN.L,Chesnara,FTSE250,London Stock Exchange
CTEC.L,Convatec,FTSE100,London Stock Exchange
CTPE.L,CT Private Equity Trust,FTSESmallCap,London Stock Exchange
CTY.L,City of London Investment Trust,FTSE250,London Stock Exchange
CURY.L,Currys,FTSE250,London Stock Exchange
CVSG.L,CVS Group,FTSE250,London Stock Exchange
CWK.L,Cranswick,FTSE250,London Stock Exchange
CWR.L,Ceres Power,FTSE250,London Stock Exchange
CYN.L,CQS Natural Resources,FTSESmallCap,London Stock Exchange
DCC.L,DCC plc,FTSE100,London Stock Exchange
DFS.L,DFS Furniture,FTSESmallCap,London Stock Exchange
DGE.L,Diageo,FTSE100,London Stock Exchange
DGI9.L,Digital 9 Infrastructure,FTSESmallCap,London Stock Exchange
DLN.L,Derwent London,FTSE250,London Stock Exchange
DNLM.L,Dunelm Group,FTSE250,London Stock Exchange
DOCS.L,Dr. Martens,FTSE250,London Stock Exchange
DOM.L,Domino's Pizza,FTSE250,London Stock Exchange
DPLM.L,Diploma,FTSE100,London Stock Exchange
DRX.L,Drax Group,FTSE250,London Stock Exchange
DSCV.L,discoverIE,FTSE250,London Stock Exchange
EDIN.L,Edinburgh Investment Trust,FTSE250,London Stock Exchange
EDV.L,Endeavour Mining,FTSE100,London Stock Exchange
ELM.L,Elementis,FTSE250,London Stock Exchange
EMG.L,Man Group,FTSE250,London Stock Exchange
ENOG.L,Energean,FTSE250,London Stock Exchange
ENQ.L,EnQuest,FTSESmallCap,London Stock Exchange
ENT.L,Entain,FTSE100,London Stock Exchange
ESCT.L,European Smaller Companies Trust,FTSE250,London Stock Exchange
EVOK.L,Evoke,FTSESmallCap,London Stock Exchange
EWG.L,Eurowag,FTSE250,London Stock Exchange
EWI.L,Edinburgh Worldwide Investment Trust,FTSE250,London Stock Exchange
EXPN.L,Experian,FTSE100,London Stock Exchange
EZJ.L,EasyJet,FTSE250,London Stock Exchange
FAN.L,Volution Group,FTSE250,London Stock Exchange
FAS.L,Fidelity Asian Values,FTSESmallCap,London Stock Exchange
FCH.L,Funding Circle,FTSE250,London Stock Exchange
FCIT.L,F & C Investment Trust,FTSE100,London Stock Exchange
FCSS.L,Fidelity China Special Situations,FTSE250,London Stock Exchange
FEML.L,Fidelity Emerging Markets,FTSE250,London Stock Exchange
FEV.L,Fidelity European Trust,FTSE250,London Stock Exchange
FGEN.L,Foresight Environmental Infrastructure,FTSE250,London Stock Exchange
FGP.L,FirstGroup,FTSE250,London Stock Exchange
FGT.L,Finsbury Growth & Income Trust,FTSE250,London Stock Exchange
FJV.L,Fidelity Japan Trust,FTSESmallCap,London Stock Exchange
FORT.L,Forterra,FTSESmallCap,London Stock Exchange
FOUR.L,4imprint,FTSE250,London Stock Exchange
FOXT.L,Foxtons,FTSESmallCap,London Stock Exchange
FRAS.L,Frasers Group,FTSE250,London Stock Exchange
FRES.L,Fresnillo plc,FTSE100,London Stock Exchange
FSF.L,Foresight Sustainable Forestry Company,FTSESmallCap,London Stock Exchange
FSG.L,Foresight Group,FTSE250,London Stock Exchange
FSJ.L,James Fisher & Sons,FTSESmallCap,London Stock Exchange
FSTA.L,"Fuller, Smith & Turner",FTSESmallCap,London Stock Exchange
FSV.L,Fidelity Special Values,FTSE250,London Stock Exchange
GAMA.L,Gamma Communications,FTSE250,London Stock Exchange
GAW.L,Games Workshop,FTSE100,London Stock Exchange
GBG.L,GB Group,FTSE250,London Stock Exchange
GCP.L,GCP Infrastructure Investments,FTSE250,London Stock Exchange
GDWN.L,Goodwin,FTSE250,London Stock Exchange
GEN.L,Genuit Group,FTSE250,London Stock Exchange
GFRD.L,Galliford Try,FTSE250,London Stock Exchange
GFTU.L,Grafton Group,FTSE250,London Stock Exchange
GLE.L,M J Gleeson,FTSESmallCap,London Stock Exchange
GLEN.L,Glencore,FTSE100,London Stock Exchange
GMS.L,Gulf Marine Services,FTSESmallCap,London Stock Exchange
GNC.L,Greencore,FTSE250,London Stock Exchange
GNS.L,Genus,FTSE250,London Stock Exchange
GPE.L,Great Portland Estates,FTSE250,London Stock Exchange
GRG.L,Greggs,FTSE250,London Stock Exchange
GRI.L,Grainger,FTSE250,London Stock Exchange
GROW.L,Molten Ventures,FTSE250,London Stock Exchange
GSCT.L,Global Smaller Companies Trust,FTSE250,London Stock Exchange
GSK.L,GSK plc,FTSE100,London Stock Exchange
GYM.L,The Gym Group,FTSESmallCap,London Stock Exchange
HAS.L,Hays,FTSE250,London Stock Exchange
HBR.L,Harbour Energy,FTSE250,London Stock Exchange
HEAD.L,Headlam Group,FTSESmallCap,London Stock Exchange
HFD.L,Halfords,FTSESmallCap,London Stock Exchange
HFEL.L,Henderson Far East Income,FTSE250,London Stock Exchange
HFG.L,Hilton Food Group,FTSE250,London Stock Exchange
HGT.L,Hg Capital Trust,FTSE250,London Stock Exchange
HICL.L,HICL Infrastructure Company,FTSE250,London Stock Exchange
HIK.L,Hikma Pharmaceuticals,FTSE250,London Stock Exchange
HILS.L,Hill & Smith,FTSE250,London Stock Exchange
HLCL.L,Helical,FTSESmallCap,London Stock Exchange
HLMA.L,Halma plc,FTSE100,London Stock Exchange
HLN.L,Haleon,FTSE100,London Stock Exchange
HMSO.L,Hammerson,FTSE250,London Stock Exchange
HOC.L,Hochschild Mining,FTSE250,London Stock Exchange
HRI.L,Herald Investment Trust,FTSE250,London Stock Exchange
HSBA.L,HSBC,FTSE100,London Stock Exchange
HSL.L,Henderson Smaller Companies Investment Trust,FTSE250,London Stock Exchange
HSW.L,Hostelworld Group,FTSESmallCap,London Stock Exchange
HSX.L,Hiscox,FTSE100,London Stock Exchange
HTG.L,Hunting,FTSE250,London Stock Exchange
HTWS.L,Helios Towers,FTSE250,London Stock Exchange
HVPE.L,HarbourVest Global Private Equity,FTSE250,London Stock Exchange
HWDN.L,Howdens Joinery,FTSE100,London Stock Exchange
HWG.L,Harworth Group,FTSE250,London Stock Exchange
IAD.L,Invesco Asia Dragon Trust,FTSE250,London Stock Exchange
IAG.L,International Airlines Group,FTSE100,London Stock Exchange
IBST.L,Ibstock,FTSE250,London Stock Exchange
ICG.L,ICG,FTSE100,London Stock Exchange
ICGT.L,ICG Enterprise Trust,FTSE250,London Stock Exchange
IEM.L,Impax Environmental Markets,FTSE250,London Stock Exchange
IGG.L,IG Group,FTSE100,London Stock Exchange
IHG.L,IHG Hotels & Resorts,FTSE100,London Stock Exchange
IHP.L,IntegraFin Holdings,FTSE250,London Stock Exchange
III.L,3i,FTSE100,London Stock Exchange
IMB.L,Imperial Brands,FTSE100,London Stock Exchange
IMI.L,IMI,FTSE100,London Stock Exchange
INCH.L,Inchcape,FTSE250,London Stock Exchange
INF.L,Informa,FTSE100,London Stock Exchange
INOV.L,Schroders Capital Global Innovation Trust,FTSESmallCap,London Stock Exchange
INPP.L,International Public Partnerships,FTSE250,London Stock Exchange
INVP.L,Investec,FTSE250,London Stock Exchange
IPF.L,International Personal Finance,FTSE250,London Stock Exchange
IPO.L,IP Group,FTSE250,London Stock Exchange
ITH.L,Ithaca Energy,FTSE250,London Stock Exchange
ITRK.L,Intertek,FTSE100,London Stock Exchange
ITV.L,ITV,FTSE250,London Stock Exchange
IWG.L,International Workplace Group,FTSE250,London Stock Exchange
JAM.L,JPMorgan American Investment Trust,FTSE250,London Stock Exchange
JCH.L,JPMorgan Claverhouse Investment Trust,FTSE250,London Stock Exchange
JD.L,JD Sports,FTSE100,London Stock Exchange
JDW.L,Wetherspoons,FTSE250,London Stock Exchange
JEDT.L,JPMorgan European Discovery,FTSE250,London Stock Exchange
JEGI.L,JPMorgan European Growth & Income,FTSE250,London Stock Exchange
JEMI.L,JPMorgan Emerging Markets Dividend Income,FTSE250,London Stock Exchange
JFJ.L,JPMorgan Japanese Investment Trust,FTSE250,London Stock Exchange
JGGI.L,JPMorgan Global Growth & Income,FTSE250,London Stock Exchange
JIGI.L,JPMorgan India Growth & Income,FTSE250,London Stock Exchange
JMAT.L,Johnson Matthey,FTSE250,London Stock Exchange
JMGI.L,JPMorgan Emerging Markets Growth & Income,FTSE250,London Stock Exchange
JSG.L,Johnson Service Group,FTSE250,London Stock Exchange
JTC.L,JTC,FTSE250,London Stock Exchange
JUP.L,Jupiter Fund Management,FTSE250,London Stock Exchange
JZCP.L,JZ Capital Partners,FTSESmallCap,London Stock Exchange
KGF.L,Kingfisher plc,FTSE100,London Stock Exchange
KIE.L,Kier Group,FTSE250,London Stock Exchange
KLR.L,Keller Group,FTSE250,London Stock Exchange
KMR.L,Kenmare Resources,FTSESmallCap,London Stock Exchange
KNOS.L,Kainos,FTSE250,London Stock Exchange
LAND.L,Land Securities,FTSE100,London Stock Exchange
LGEN.L,Legal & General,FTSE100,London Stock Exchange
LIO.L,Liontrust Asset Management,FTSESmallCap,London Stock Exchange
LLOY.L,Lloyds Banking Group,FTSE100,London Stock Exchange
LMP.L,LondonMetric Property,FTSE100,London Stock Exchange
LRE.L,Lancashire Holdings,FTSE250,London Stock Exchange
LSEG.L,London Stock Exchange Group,FTSE100,London Stock Exchange
LSL.L,LSL Property Services,FTSESmallCap,London Stock Exchange
LTI.L,Lindsell Train,FTSESmallCap,London Stock Exchange
LUCE.L,Luceco,FTSESmallCap,London Stock Exchange
LWDB.L,Law Debenture,FTSE250,London Stock Exchange
LWI.L,Lowland Investment Company,FTSESmallCap,London Stock Exchange
MAB.L,Mitchells & Butlers,FTSE250,London Stock Exchange
MACF.L,Macfarlane Group,FTSESmallCap,London Stock Exchange
MAJE.L,Majedie Investments,FTSESmallCap,London Stock Exchange
MARS.L,Marston's,FTSESmallCap,London Stock Exchange
MEGP.L,ME Group International,FTSE250,London Stock Exchange
MER.L,Mears Group,FTSESmallCap,London Stock Exchange
MGAM.L,Morgan Advanced Materials,FTSE250,London Stock Exchange
MGNS.L,Morgan Sindall Group,FTSE250,London Stock Exchange
MKS.L,Marks & Spencer,FTSE100,London Stock Exchange
MMIT.L,Mobius Investment Trust,FTSESmallCap,London Stock Exchange
MNDI.L,Mondi,FTSE100,London Stock Exchange
MNG.L,M&G,FTSE100,London Stock Exchange
MNKS.L,Monks Investment Trust,FTSE250,London Stock Exchange
MNTN.L,Schiehallion Fund,FTSE250,London Stock Exchange
MONY.L,MONY Group,FTSE250,London Stock Exchange
MOON.L,Moonpig,FTSE250,London Stock Exchange
MOTR.L,Motorpoint Group,FTSESmallCap,London Stock Exchange
MRC.L,Mercantile Investment Trust,FTSE250,London Stock Exchange
MRCH.L,Merchants Trust,FTSE250,London Stock Exchange
MRO.L,Melrose Industries,FTSE100,London Stock Exchange
MSLH.L,Marshalls,FTSE250,London Stock Exchange
MTLN.L,Metlen Energy & Metals,FTSE100,London Stock Exchange
MTO.L,Mitie,FTSE250,London Stock Exchange
MTRO.L,Metro Bank,FTSE250,London Stock Exchange
MUT.L,Murray Income Trust,FTSE250,London Stock Exchange
MWY.L,Mid Wynd International Investment Trust,FTSESmallCap,London Stock Exchange
MYI.L,Murray International Trust,FTSE250,London Stock Exchange
N91.L,Ninety One,FTSE250,London Stock Exchange
NAS.L,North Atlantic Smaller Companies Investment Trust,FTSE250,London Stock Exchange
NBPE.L,NB Private Equity Partners,FTSE250,London Stock Exchange
NCC.L,NCC Group,FTSE250,London Stock Exchange
NG.L,National Grid plc,FTSE100,London Stock Exchange
NRR.L,NewRiver,FTSESmallCap,London Stock Exchange
NWG.L,NatWest Group,FTSE100,London Stock Exchange
NXR.L,Norcros,FTSESmallCap,London Stock Exchange
NXT.L,Next plc,FTSE100,London Stock Exchange
OCDO.L,Ocado Group,FTSE250,London Stock Exchange
OCI.L,Oakley Capital Investments,FTSE250,London Stock Exchange
OCN.L,Ocean Wilsons Holdings,FTSESmallCap,London Stock Exchange
ONT.L,Oxford Nanopore Technologies,FTSE250,London Stock Exchange
OSB.L,OSB Group,FTSE250,London Stock Exchange
OTB.L,On The Beach Group,FTSESmallCap,London Stock Exchange
OXB.L,Oxford Biomedica,FTSE250,London Stock Exchange
OXIG.L,Oxford Instruments,FTSE250,London Stock Exchange
PAF.L,Pan African Resources,FTSE250,London Stock Exchange
PAG.L,Paragon Banking Group,FTSE250,London Stock Exchange
PAGE.L,PageGroup,FTSE250,London Stock Exchange
PCA.L,Palace Capital,FTSESmallCap,London Stock Exchange
PCGH.L,Polar Capital Global Healthcare Trust,FTSE250,London Stock Exchange
PCT.L,Polar Capital Technology Trust,FTSE100,London Stock Exchange
PDL.L,Petra Diamonds,FTSESmallCap,London Stock Exchange
PETS.L,Pets at Home,FTSE250,London Stock Exchange
PEY.L,Partners Group Private Equity,FTSE250,London Stock Exchange
PFD.L,Premier Foods,FTSE250,London Stock Exchange
PHAR.L,Pharos Energy,FTSESmallCap,London Stock Exchange
PHI.L,Pacific Horizon Investment Trust,FTSE250,London Stock Exchange
PHP.L,Primary Health Properties,FTSE250,London Stock Exchange
PIN.L,Pantheon International,FTSE250,London Stock Exchange
PINT.L,Pantheon Infrastructure,FTSE250,London Stock Exchange
PLUS.L,Plus500,FTSE250,London Stock Exchange
PNL.L,Personal Assets Trust,FTSE250,London Stock Exchange
PNN.L,Pennon Group,FTSE250,London Stock Exchange
POLN.L,Pollen Street Group,FTSE250,London Stock Exchange
PPET.L,Patria Private Equity Trust,FTSE250,London Stock Exchange
PPH.L,PPHE Hotel Group,FTSE250,London Stock Exchange
PRN.L,Princes Group,FTSE250,London Stock Exchange
PRU.L,Prudential plc,FTSE100,London Stock Exchange
PRV.L,Porvair,FTSESmallCap,London Stock Exchange
PSDL.L,Phoenix Spree Deutschland,FTSESmallCap,London Stock Exchange
PSH.L,Pershing Square Holdings,FTSE100,London Stock Exchange
PSN.L,Persimmon,FTSE100,London Stock Exchange
PSON.L,Pearson plc,FTSE100,London Stock Exchange
PTEC.L,Playtech,FTSE250,London Stock Exchange
QLT.L,Quilter,FTSE250,London Stock Exchange
QQ.L,Qinetiq,FTSE250,London Stock Exchange
RAT.L,Rathbones,FTSE250,London Stock Exchange
RCH.L,Reach,FTSESmallCap,London Stock Exchange
RCP.L,RIT Capital Partners,FTSE250,London Stock Exchange
REC.L,Record,FTSESmallCap,London Stock Exchange
REL.L,RELX,FTSE100,London Stock Exchange
RHIM.L,RHI Magnesita,FTSE250,London Stock Exchange
RICA.L,Ruffer Investment Company,FTSE250,London Stock Exchange
RIO.L,Rio Tinto,FTSE100,London Stock Exchange
RKT.L,Reckitt,FTSE100,London Stock Exchange
RMV.L,Rightmove,FTSE100,London Stock Exchange
RNK.L,Rank Group,FTSE250,London Stock Exchange
ROOF.L,Atrato Onsite Energy,FTSESmallCap,London Stock Exchange
ROR.L,Rotork,FTSE250,London Stock Exchange
RPI.L,Raspberry Pi Holdings,FTSE250,London Stock Exchange
RR.L,Rolls-Royce Holdings,FTSE100,London Stock Exchange
RS1.L,RS Group,FTSE250,London Stock Exchange
RSE.L,Riverstone Energy,FTSESmallCap,London Stock Exchange
RSW.L,Renishaw,FTSE250,London Stock Exchange
RTO.L,Rentokil Initial,FTSE100,London Stock Exchange
RTW.L,RTW Biotech Opportunities,FTSE250,London Stock Exchange
RWA.L,Robert Walters,FTSESmallCap,London Stock Exchange
SAFE.L,Safestore,FTSE250,London Stock Exchange
SAGA.L,Saga,FTSE250,London Stock Exchange
SAIN.L,Scottish American Investment Company,FTSE250,London Stock Exchange
SBRE.L,Sabre Insurance,FTSESmallCap,London Stock Exchange
SBRY.L,Sainsbury's,FTSE100,London Stock Exchange
SCF.L,Schroder Income Growth Fund,FTSESmallCap,London Stock Exchange
SCT.L,Softcat,FTSE250,London Stock Exchange
SDLF.L,Standard Life,FTSE100,London Stock Exchange
SDP.L,Schroder AsiaPacific Fund,FTSE250,London Stock Exchange
SDR.L,Schroders,FTSE100,London Stock Exchange
SDY.L,Speedy Hire,FTSESmallCap,London Stock Exchange
SEC.L,Strategic Equity Capital,FTSESmallCap,London Stock Exchange
SEIT.L,SDCL Energy Efficiency Income Trust,FTSE250,London Stock Exchange
SEQI.L,Sequoia Economic Infrastructure Income Fund,FTSE250,London Stock Exchange
SFR.L,Severfield,FTSESmallCap,London Stock Exchange
SGE.L,Sage Group,FTSE100,London Stock Exchange
SGRO.L,Segro,FTSE100,London Stock Exchange
SHAW.L,Shawbrook Bank,FTSE250,London Stock Exchange
SHC.L,Shaftesbury Capital,FTSE250,London Stock Exchange
SHEL.L,Shell plc,FTSE100,London Stock Exchange
SHI.L,SIG,FTSESmallCap,London Stock Exchange
SMIN.L,Smiths Group,FTSE100,London Stock Exchange
SMT.L,Scottish Mortgage Investment Trust,FTSE100,London Stock Exchange
SMWH.L,WHSmith,FTSE250,London Stock Exchange
SN.L,Smith & Nephew,FTSE100,London Stock Exchange
SNR.L,Senior,FTSE250,London Stock Exchange
SNWS.L,Smiths News,FTSESmallCap,London Stock Exchange
SOI.L,Schroder Oriental Income Fund,FTSE250,London Stock Exchange
SPI.L,Spire Healthcare,FTSE250,London Stock Exchange
SPX.L,Spirax Group,FTSE100,London Stock Exchange
SRE.L,Sirius Real Estate,FTSE250,London Stock Exchange
SRP.L,Serco,FTSE250,London Stock Exchange
SSE.L,SSE plc,FTSE100,London Stock Exchange
SSPG.L,SSP Group,FTSE250,London Stock Exchange
STAN.L,Standard Chartered,FTSE100,London Stock Exchange
STB.L,Secure Trust Bank,FTSESmallCap,London Stock Exchange
STJ.L,St. James's Place,FTSE100,London Stock Exchange
STVG.L,STV Group,FTSESmallCap,London Stock Exchange
SUPR.L,Supermarket Income REIT,FTSE250,London Stock Exchange
SUS.L,S & U,FTSESmallCap,London Stock Exchange
SVS.L,Savills,FTSE250,London Stock Exchange
SVT.L,Severn Trent,FTSE100,London Stock Exchange
SWEF.L,Starwood European Real Estate Finance,FTSESmallCap,London Stock Exchange
SYNC.L,Syncona,FTSE250,London Stock Exchange
SYNT.L,Synthomer,FTSESmallCap,London Stock Exchange
TATE.L,Tate & Lyle,FTSE250,London Stock Exchange
TBCG.L,TBC Bank,FTSE250,London Stock Exchange
TCAP.L,TP ICAP,FTSE250,London Stock Exchange
TEM.L,Templeton Emerging Markets Investment Trust,FTSE250,London Stock Exchange
TEP.L,Telecom Plus,FTSE250,London Stock Exchange
TET.L,Treatt,FTSESmallCap,London Stock Exchange
TFIF.L,Twentyfour Income Fund,FTSE250,London Stock Exchange
THG.L,THG,FTSE250,London Stock Exchange
THRL.L,Target Healthcare REIT,FTSE250,London Stock Exchange
TMPL.L,Temple Bar Investment Trust,FTSE250,London Stock Exchange
TPK.L,Travis Perkins,FTSE250,London Stock Exchange
TPT.L,Topps Tiles,FTSESmallCap,London Stock Exchange
TRI.L,Trifast,FTSESmallCap,London Stock Exchange
TRIG.L,The Renewables Infrastructure Group,FTSE250,London Stock Exchange
TRN.L,Trainline,FTSE250,London Stock Exchange
TRST.L,Trustpilot,FTSE250,London Stock Exchange
TRY.L,TR Property Investment Trust,FTSE250,London Stock Exchange
TSCO.L,Tesco,FTSE100,London Stock Exchange
TTG.L,TT Electronics,FTSESmallCap,London Stock Exchange
TW.L,Taylor Wimpey,FTSE250,London Stock Exchange
UEM.L,Utilico Emerging Markets,FTSE250,London Stock Exchange
UKW.L,Greencoat UK Wind,FTSE250,London Stock Exchange
ULTP.L,Ultimate Products,FTSESmallCap,London Stock Exchange
ULVR.L,Unilever,FTSE100,London Stock Exchange
USA.L,Baillie Gifford US Growth Trust,FTSE250,London Stock Exchange
UTG.L,Unite Group,FTSE250,London Stock Exchange
UU.L,United Utilities,FTSE100,London Stock Exchange
VANQ.L,Vanquis Banking Group,FTSESmallCap,London Stock Exchange
VCT.L,Victrex,FTSE250,London Stock Exchange
VEIL.L,Vietnam Enterprise Investments,FTSE250,London Stock Exchange
VID.L,Videndum,FTSESmallCap,London Stock Exchange
VOD.L,Vodafone Group,FTSE100,London Stock Exchange
VOF.L,VinaCapital Vietnam Opportunity Fund,FTSE250,London Stock Exchange
VSVS.L,Vesuvius,FTSE250,London Stock Exchange
VTY.L,Vistry Group,FTSE250,London Stock Exchange
WEIR.L,Weir Group,FTSE100,London Stock Exchange
WIX.L,Wickes,FTSE250,London Stock Exchange
WIZZ.L,Wizz Air,FTSE250,London Stock Exchange
WKP.L,Workspace Group,FTSE250,London Stock Exchange
WOSG.L,Watches of Switzerland,FTSE250,London Stock Exchange
WPP.L,WPP,FTSE250,London Stock Exchange
WTB.L,Whitbread,FTSE100,London Stock Exchange
WWH.L,Worldwide Healthcare Trust,FTSE250,London Stock Exchange
XAR.L,Xaar,FTSESmallCap,London Stock Exchange
XPP.L,XP Power,FTSE250,London Stock Exchange
XPS.L,XPS Pensions,FTSE250,London Stock Exchange
ZIG.L,Zigup,FTSE250,London Stock Exchange
ZTF.L,Zotefoams,FTSESmallCap,London Stock Exchange
AMBU B.CO,Ambu,OMXC25,Nasdaq Copenhagen
BAVA.CO,Bavarian Nordic,OMXC25,Nasdaq Copenhagen
CARL B.CO,Carlsberg Group (class B),OMXC25,Nasdaq Copenhagen
COLO B.CO,Coloplast (class B),OMXC25,Nasdaq Copenhagen
DANSKE.CO,Danske Bank,OMXC25,Nasdaq Copenhagen
DEMANT.CO,Demant,OMXC25,Nasdaq Copenhagen
DSV.CO,DSV,OMXC25,Nasdaq Copenhagen
GMAB.CO,Genmab,OMXC25,Nasdaq Copenhagen
GN.CO,GN Store Nord,OMXC25,Nasdaq Copenhagen
ISS.CO,ISS,OMXC25,Nasdaq Copenhagen
JYSK.CO,Jyske Bank,OMXC25,Nasdaq Copenhagen
MAERSK A.CO,A.P. Møller-Mærsk (class A),OMXC25,Nasdaq Copenhagen
MAERSK B.CO,A.P. Møller-Mærsk (class B),OMXC25,Nasdaq Copenhagen
NDA.CO,Nordea Bank Abp,OMXC25,Nasdaq Copenhagen
NKT.CO,NKT,OMXC25,Nasdaq Copenhagen
NOVO B.CO,Novo Nordisk,OMXC25,Nasdaq Copenhagen
NSIS B.CO,Novonesis,OMXC25,Nasdaq Copenhagen
ORSTED.CO,Ørsted,OMXC25,Nasdaq Copenhagen
PNDORA.CO,Pandora,OMXC25,Nasdaq Copenhagen
RBREW.CO,Royal Unibrew,OMXC25,Nasdaq Copenhagen
ROCK B.CO,Rockwool International,OMXC25,Nasdaq Copenhagen
SYDB.CO,Sydbank,OMXC25,Nasdaq Copenhagen
TRYG.CO,Tryg,OMXC25,Nasdaq Copenhagen
VWS.CO,Vestas Wind Systems,OMXC25,Nasdaq Copenhagen
ZEAL.CO,Zealand Pharma,OMXC25,Nasdaq Copenhagen
ELISA.HE,Elisa,OMXH25,Nasdaq Helsinki
FORTUM.HE,Fortum,OMXH25,Nasdaq Helsinki
HIAB.HE,Hiab,OMXH25,Nasdaq Helsinki
HUH1V.HE,Huhtamäki,OMXH25,Nasdaq Helsinki
KALMAR.HE,Kalmar [fi] B,OMXH25,Nasdaq Helsinki
KCR.HE,Konecranes,OMXH25,Nasdaq Helsinki
KEMIRA.HE,Kemira,OMXH25,Nasdaq Helsinki
KESKOB.HE,Kesko B,OMXH25,Nasdaq Helsinki
KNEBV.HE,KONE,OMXH25,Nasdaq Helsinki
KOJAMO.HE,Kojamo [fi],OMXH25,Nasdaq Helsinki
MANTA.HE,Mandatum [fi],OMXH25,Nasdaq Helsinki
METSO.HE,Metso,OMXH25,Nasdaq Helsinki
NDA-FI.HE,Nordea,OMXH25,Nasdaq Helsinki
NESTE.HE,Neste,OMXH25,Nasdaq Helsinki
NOKIA.HE,Nokia,OMXH25,Nasdaq Helsinki
ORNBV.HE,Orion,OMXH25,Nasdaq Helsinki
OUT1V.HE,Outokumpu,OMXH25,Nasdaq Helsinki
QTCOM.HE,Qt Group,OMXH25,Nasdaq Helsinki
SAMPO.HE,Sampo A,OMXH25,Nasdaq Helsinki
STERV.HE,Stora Enso R,OMXH25,Nasdaq Helsinki
TIETO.HE,TietoEVRY,OMXH25,Nasdaq Helsinki
TYRES.HE,Nokian Tyres,OMXH25,Nasdaq Helsinki
UPM.HE,UPM-Kymmene,OMXH25,Nasdaq Helsinki
VALMT.HE,Valmet,OMXH25,Nasdaq Helsinki
WRT1V.HE,Wärtsilä,OMXH25,Nasdaq Helsinki
ABB.ST,ABB Ltd,OMXS30,Nasdaq Stockholm
ADDT-B.ST,Addtech B,OMXS30,Nasdaq Stockholm
ALFA.ST,Alfa Laval,OMXS30,Nasdaq Stockholm
ASSA-B.ST,Assa Abloy B,OMXS30,Nasdaq Stockholm
ATCO-A.ST,Atlas Copco A,OMXS30,Nasdaq Stockholm
AZN.ST,AstraZeneca,OMXS30,Nasdaq Stockholm
BOL.ST,Boliden,OMXS30,Nasdaq Stockholm
EPI-A.ST,Epiroc A,OMXS30,Nasdaq Stockholm
EQT.ST,EQT,OMXS30,Nasdaq Stockholm
ERIC-B.ST,Ericsson B,OMXS30,Nasdaq Stockholm
ESSITY-B.ST,Essity B,OMXS30,Nasdaq Stockholm
EVO.ST,Evolution,OMXS30,Nasdaq Stockholm
HEXA-B.ST,Hexagon B,OMXS30,Nasdaq Stockholm
HM-B.ST,Hennes & Mauritz B,OMXS30,Nasdaq Stockholm
INDU-C.ST,Industrivärden C,OMXS30,Nasdaq Stockholm
INVE-B.ST,Investor B,OMXS30,Nasdaq Stockholm
LIFCO-B.ST,Lifco B,OMXS30,Nasdaq Stockholm
NDA-SE.ST,Nordea Bank Abp,OMXS30,Nasdaq Stockholm
NIBE-B.ST,Nibe Industrier B,OMXS30,Nasdaq Stockholm
SAAB-B.ST,Saab B,OMXS30,Nasdaq Stockholm
SAND.ST,Sandvik,OMXS30,Nasdaq Stockholm
SCA-B.ST,SCA B,OMXS30,Nasdaq Stockholm
SEB-A.ST,SEB A,OMXS30,Nasdaq Stockholm
SHB-A.ST,Handelsbanken A,OMXS30,Nasdaq Stockholm
SKA-B.ST,Skanska B,OMXS30,Nasdaq Stockholm
SKF-B.ST,SKF B,OMXS30,Nasdaq Stockholm
SWED-A.ST,Swedbank A,OMXS30,Nasdaq Stockholm
TEL2-B.ST,Tele2 B,OMXS30,Nasdaq Stockholm
TELIA.ST,Telia Company,OMXS30,Nasdaq Stockholm
VOLV-B.ST,Volvo B,OMXS30,Nasdaq Stockholm
OSE: AKRBP.OL,Aker BP,OBX25,Oslo Bors
OSE: BWLPG.OL,BW LPG,OBX25,Oslo Bors
OSE: DNB.OL,DNB Bank,OBX25,Oslo Bors
OSE: EQNR.OL,Equinor,OBX25,Oslo Bors
OSE: FRO.OL,Frontline,OBX25,Oslo Bors
OSE: GJF.OL,Gjensidige Forsikring,OBX25,Oslo Bors
OSE: GOGL.OL,Golden Ocean Group,OBX25,Oslo Bors
OSE: HAFNI.OL,Hafnia Limited,OBX25,Oslo Bors
OSE: HAUTO.OL,Höegh Autoliners ASA,OBX25,Oslo Bors
OSE: KOG.OL,Kongsberg Gruppen,OBX25,Oslo Bors
OSE: MOWI.OL,Mowi,OBX25,Oslo Bors
OSE: MPCC.OL,MPC Container Ships,OBX25,Oslo Bors
OSE: NAS.OL,Norwegian Air Shuttle,OBX25,Oslo Bors
OSE: NHY.OL,Norsk Hydro,OBX25,Oslo Bors
OSE: NOD.OL,Nordic Semiconductor,OBX25,Oslo Bors
OSE: ORK.OL,Orkla,OBX25,Oslo Bors
OSE: SALM.OL,SalMar,OBX25,Oslo Bors
OSE: STB.OL,Storebrand,OBX25,Oslo Bors
OSE: SUBC.OL,Subsea 7,OBX25,Oslo Bors
OSE: TEL.OL,Telenor,OBX25,Oslo Bors
OSE: TGS.OL,TGS ASA,OBX25,Oslo Bors
OSE: TOM.OL,Tomra Systems,OBX25,Oslo Bors
OSE: VAR.OL,Vår Energi ASA,OBX25,Oslo Bors
OSE: WAWI.OL,Wallenius Wilhelmsen,OBX25,Oslo Bors
OSE: YAR.OL,Yara International,OBX25,Oslo Bors
ABBN.SW,ABB Ltd,SMI20,SIX Swiss
ALC.SW,Alcon Inc,SMI20,SIX Swiss
CFR.SW,Compagnie Financière Richemont SA,SMI20,SIX Swiss
GEBN.SW,Geberit AG,SMI20,SIX Swiss
GIVN.SW,Givaudan SA,SMI20,SIX Swiss
HOLN.SW,Holcim Limited,SMI20,SIX Swiss
KNIN.SW,Kuehne + Nagel,SMI20,SIX Swiss
LOGN.SW,Logitech International SA,SMI20,SIX Swiss
LONN.SW,Lonza Group AG,SMI20,SIX Swiss
NESN.SW,Nestlé SA,SMI20,SIX Swiss
NOVN.SW,Novartis International AG,SMI20,SIX Swiss
PGHN.SW,Partners Group Holding AG,SMI20,SIX Swiss
ROG.SW,Roche Holding AG,SMI20,SIX Swiss
SCMN.SW,Swisscom AG,SMI20,SIX Swiss
SIKA.SW,Sika AG,SMI20,SIX Swiss
SLHN.SW,Swiss Life Holding AG,SMI20,SIX Swiss
SOON.SW,Sonova,SMI20,SIX Swiss
SREN.SW,Swiss Reinsurance Company Ltd,SMI20,SIX Swiss
UBSG.SW,UBS Group AG,SMI20,SIX Swiss
ZURN.SW,Zurich Insurance Group AG,SMI20,SIX Swiss
ANDR.VI,Andritz,ATX20,Vienna
BG.VI,BAWAG Group,ATX20,Vienna
CAI.VI,CA Immobilien Anlagen,ATX20,Vienna
EBS.VI,Erste Group Bank,ATX20,Vienna
FLU.VI,Flughafen Wien,ATX20,Vienna
IIA.VI,Immofinanz,ATX20,Vienna
LNZ.VI,Lenzing,ATX20,Vienna
MMK.VI,Mayr-Melnhof Karton,ATX20,Vienna
OMV.VI,OMV,ATX20,Vienna
POST.VI,Oesterreichische Post,ATX20,Vienna
PYT.VI,Polytec Holding,ATX20,Vienna
RBI.VI,Raiffeisen Bank International,ATX20,Vienna
SBO.VI,Schoeller-Bleckmann,ATX20,Vienna
STR.VI,Strabag,ATX20,Vienna
TKA.VI,Telekom Austria,ATX20,Vienna
UQA.VI,UNIQA Insurance Group,ATX20,Vienna
VER.VI,Verbund,ATX20,Vienna
VIG.VI,Vienna Insurance Group,ATX20,Vienna
VOE.VI,voestalpine,ATX20,Vienna
WIE.VI,Wienerberger,ATX20,Vienna
ALE.WA,Allegro,WIG20,Warsaw GPW
ALLEGRO.WA,Allegro.eu,WIG20,Warsaw GPW
ATC.WA,Atlantic,WIG20,Warsaw GPW
BDX.WA,Budimex,WIG20,Warsaw GPW
CCC.WA,CCC,WIG20,Warsaw GPW
CDR.WA,CD Projekt,WIG20,Warsaw GPW
DINO.WA,Dino Polska,WIG20,Warsaw GPW
DNP.WA,DataWalk,WIG20,Warsaw GPW
JSW.WA,JSW,WIG20,Warsaw GPW
KGHM.WA,KGHM Polska Miedz,WIG20,Warsaw GPW
KTY.WA,Kety,WIG20,Warsaw GPW
LPP.WA,LPP,WIG20,Warsaw GPW
MBK.WA,mBank,WIG20,Warsaw GPW
MRC.WA,Mercator Medical,WIG20,Warsaw GPW
OPL.WA,Orange Polska,WIG20,Warsaw GPW
PEO.WA,Bank Pekao,WIG20,Warsaw GPW
PKN.WA,PKN Orlen,WIG20,Warsaw GPW
PKO.WA,PKO Bank Polski,WIG20,Warsaw GPW
PZU.WA,PZU,WIG20,Warsaw GPW
SGN.WA,Shaftesbury,WIG20,Warsaw GPW
THYAO.IS,Turkish Airlines,BIST100,Istanbul
GARAN.IS,Garanti BBVA,BIST100,Istanbul
AKBNK.IS,Akbank,BIST100,Istanbul
ISCTR.IS,Isbank C,BIST100,Istanbul
YKBNK.IS,Yapi Kredi,BIST100,Istanbul
KCHOL.IS,Koc Holding,BIST100,Istanbul
SAHOL.IS,Sabanci Holding,BIST100,Istanbul
BIMAS.IS,BIM,BIST100,Istanbul
EREGL.IS,Eregli Demir Celik,BIST100,Istanbul
TUPRS.IS,Tupras,BIST100,Istanbul
ASELS.IS,Aselsan,BIST100,Istanbul
SISE.IS,Sisecam,BIST100,Istanbul
FROTO.IS,Ford Otosan,BIST100,Istanbul
TOASO.IS,Tofas,BIST100,Istanbul
TCELL.IS,Turkcell,BIST100,Istanbul
PGSUS.IS,Pegasus,BIST100,Istanbul
SASA.IS,Sasa Polyester,BIST100,Istanbul
KRDMD.IS,Kardemir D,BIST100,Istanbul
PETKM.IS,Petkim,BIST100,Istanbul
ARCLK.IS,Arcelik,BIST100,Istanbul
TAVHL.IS,TAV Havalimanlari,BIST100,Istanbul
ENKAI.IS,Enka Insaat,BIST100,Istanbul
VESTL.IS,Vestel,BIST100,Istanbul
GUBRF.IS,Gubre Fabrikalari,BIST100,Istanbul
ALARK.IS,Alarko Holding,BIST100,Istanbul
EKGYO.IS,Emlak Konut GYO,BIST100,Istanbul
TTKOM.IS,Turk Telekom,BIST100,Istanbul
HALKB.IS,Halkbank,BIST100,Istanbul
VAKBN.IS,Vakifbank,BIST100,Istanbul
DOHOL.IS,Dogan Holding,BIST100,Istanbul
AKSEN.IS,Aksa Enerji,BIST100,Istanbul
MGROS.IS,Migros,BIST100,Istanbul
CCOLA.IS,Coca-Cola Icecek,BIST100,Istanbul
AEFES.IS,Anadolu Efes,BIST100,Istanbul
KORDS.IS,Kordsa,BIST100,Istanbul
LOGO.IS,Logo Yazilim,BIST100,Istanbul
TKFEN.IS,Tekfen Holding,BIST100,Istanbul
KONTR.IS,Turk Hava Yollari Kontrolmatik,BIST100,Istanbul
OTKAR.IS,Otokar,BIST100,Istanbul
ENJSA.IS,Enerjisa,BIST100,Istanbul
CEZ.PR,CEZ,PX,Prague
KOMB.PR,Komercni Banka,PX,Prague
MONET.PR,Moneta Money Bank,PX,Prague
ERBAG.PR,Erste Group (Prague),PX,Prague
VIG.PR,Vienna Insurance (Prague),PX,Prague
TABAK.PR,Philip Morris CR,PX,Prague
KOFOL.PR,Kofola,PX,Prague
CZG.PR,Colt CZ Group,PX,Prague
GEVO.PR,Gevorkyan,PX,Prague
OTP.BD,OTP Bank,BUX,Budapest
MOL.BD,MOL,BUX,Budapest
RICHT.BD,Gedeon Richter,BUX,Budapest
MTEL.BD,Magyar Telekom,BUX,Budapest
OPUS.BD,Opus Global,BUX,Budapest
WBERES.BD,Waberer's,BUX,Budapest
ZWACK.BD,Zwack Unicum,BUX,Budapest
RABA.BD,Raba,BUX,Budapest
ANY.BD,ANY Security Printing,BUX,Budapest
PANNERGY.BD,PannErgy,BUX,Budapest
MASTERPLAST.BD,Masterplast,BUX,Budapest
ALTEO.BD,Alteo,BUX,Budapest
TAL1T.TL,Tallink Grupp,OMXTGI,Tallinn
LHV1T.TL,LHV Group,OMXTGI,Tallinn
EGR1T.TL,Enefit Green,OMXTGI,Tallinn
CPA1T.TL,Coop Pank,OMXTGI,Tallinn
IGN1L.VS,Ignitis Grupe,OMXVGI,Vilnius
SAB1L.VS,Siauliu Bankas,OMXVGI,Vilnius
TEL1L.VS,Telia Lietuva,OMXVGI,Vilnius
GZE1R.RG,Latvijas Gaze,OMXRGI,Riga
ARION.IC,Arion Banki,OMXIPI,Iceland
ICESEA.IC,Iceland Seafood,OMXIPI,Iceland
BRIM.IC,Brim,OMXIPI,Iceland
REITIR.IC,Reitir,OMXIPI,Iceland
