name,location,district,state,bank,service_type,source,extraction_date
1000,,,Uttar Pradesh,SBI,Cash@PoS,Cash@PoS PDF,2026-06-24
1001,,,Uttar Pradesh,SBI,Cash@PoS,Cash@PoS PDF,2026-06-24
1002,,,Uttar Pradesh,SBI,Cash@PoS,Cash@PoS PDF,2026-06-24
1003,,,Uttar Pradesh,SBI,Cash@PoS,Cash@PoS PDF,2026-06-24
1004,,,Uttar Pradesh,SBI,Cash@PoS,Cash@PoS PDF,2026-06-24
1005,,,Uttar Pradesh,SBI,Cash@PoS,Cash@PoS PDF,2026-06-24
1006,,,Uttar Pradesh,SBI,Cash@PoS,Cash@PoS PDF,2026-06-24
1007,,,Uttar Pradesh,SBI,Cash@PoS,Cash@PoS PDF,2026-06-24
1008,,,Uttar Pradesh,SBI,Cash@PoS,Cash@PoS PDF,2026-06-24
1009,,,Uttar Pradesh,SBI,Cash@PoS,Cash@PoS PDF,2026-06-24
1010,,,Uttar Pradesh,SBI,Cash@PoS,Cash@PoS PDF,2026-06-24
1011,,,Uttar Pradesh,SBI,Cash@PoS,Cash@PoS PDF,2026-06-24
1012,,,Uttar Pradesh,SBI,Cash@PoS,Cash@PoS PDF,2026-06-24
1013,,,Uttar Pradesh,SBI,Cash@PoS,Cash@PoS PDF,2026-06-24
1014,,,Uttar Pradesh,SBI,Cash@PoS,Cash@PoS PDF,2026-06-24
1015,,,Uttar Pradesh,SBI,Cash@PoS,Cash@PoS PDF,2026-06-24
1016,,,Uttar Pradesh,SBI,Cash@PoS,Cash@PoS PDF,2026-06-24
1017,,,Uttar Pradesh,SBI,Cash@PoS,Cash@PoS PDF,2026-06-24
1018,,,Uttar Pradesh,SBI,Cash@PoS,Cash@PoS PDF,2026-06-24
1019,,,Uttar Pradesh,SBI,Cash@PoS,Cash@PoS PDF,2026-06-24
1020,,,Uttar Pradesh,SBI,Cash@PoS,Cash@PoS PDF,2026-06-24
1021,,,Uttar Pradesh,SBI,Cash@PoS,Cash@PoS PDF,2026-06-24
1022,,,Uttar Pradesh,SBI,Cash@PoS,Cash@PoS PDF,2026-06-24
1023,,,Uttar Pradesh,SBI,Cash@PoS,Cash@PoS PDF,2026-06-24
1024,,,Uttar Pradesh,SBI,Cash@PoS,Cash@PoS PDF,2026-06-24
1025,,,Uttar Pradesh,SBI,Cash@PoS,Cash@PoS PDF,2026-06-24
1026,,,Uttar Pradesh,SBI,Cash@PoS,Cash@PoS PDF,2026-06-24
1027,,,Uttar Pradesh,SBI,Cash@PoS,Cash@PoS PDF,2026-06-24
1028,,,Uttar Pradesh,SBI,Cash@PoS,Cash@PoS PDF,2026-06-24
1029,,,Uttar Pradesh,SBI,Cash@PoS,Cash@PoS PDF,2026-06-24
1030,,,Uttar Pradesh,SBI,Cash@PoS,Cash@PoS PDF,2026-06-24
1031,,,Uttar Pradesh,SBI,Cash@PoS,Cash@PoS PDF,2026-06-24
1032,,,Uttar Pradesh,SBI,Cash@PoS,Cash@PoS PDF,2026-06-24
1033,,,Uttar Pradesh,SBI,Cash@PoS,Cash@PoS PDF,2026-06-24
1034,,,Uttar Pradesh,SBI,Cash@PoS,Cash@PoS PDF,2026-06-24
1035,,,Uttar Pradesh,SBI,Cash@PoS,Cash@PoS PDF,2026-06-24
1036,,,Uttar Pradesh,SBI,Cash@PoS,Cash@PoS PDF,2026-06-24
1037,,,Uttar Pradesh,SBI,Cash@PoS,Cash@PoS PDF,2026-06-24
1038,,,Uttar Pradesh,SBI,Cash@PoS,Cash@PoS PDF,2026-06-24
1039,,,Uttar Pradesh,SBI,Cash@PoS,Cash@PoS PDF,2026-06-24
1040,,,Uttar Pradesh,SBI,Cash@PoS,Cash@PoS PDF,2026-06-24
1041,,,Uttar Pradesh,SBI,Cash@PoS,Cash@PoS PDF,2026-06-24
1042,,,Uttar Pradesh,SBI,Cash@PoS,Cash@PoS PDF,2026-06-24
1043,,,Uttar Pradesh,SBI,Cash@PoS,Cash@PoS PDF,2026-06-24
1044,,,Uttar Pradesh,SBI,Cash@PoS,Cash@PoS PDF,2026-06-24
1045,,,Uttar Pradesh,SBI,Cash@PoS,Cash@PoS PDF,2026-06-24
1046,,,Uttar Pradesh,SBI,Cash@PoS,Cash@PoS PDF,2026-06-24
1047,,,Uttar Pradesh,SBI,Cash@PoS,Cash@PoS PDF,2026-06-24
1048,,,Uttar Pradesh,SBI,Cash@PoS,Cash@PoS PDF,2026-06-24
1049,,,Uttar Pradesh,SBI,Cash@PoS,Cash@PoS PDF,2026-06-24
1050,,,Uttar Pradesh,SBI,Cash@PoS,Cash@PoS PDF,2026-06-24
1051,,,Uttar Pradesh,SBI,Cash@PoS,Cash@PoS PDF,2026-06-24
1052,,,Uttar Pradesh,SBI,Cash@PoS,Cash@PoS PDF,2026-06-24
1053,,,Uttar Pradesh,SBI,Cash@PoS,Cash@PoS PDF,2026-06-24
1054,,,Uttar Pradesh,SBI,Cash@PoS,Cash@PoS PDF,2026-06-24
1055,,,Uttar Pradesh,SBI,Cash@PoS,Cash@PoS PDF,2026-06-24
1056,,,Uttar Pradesh,SBI,Cash@PoS,Cash@PoS PDF,2026-06-24
1057,,,Uttar Pradesh,SBI,Cash@PoS,Cash@PoS PDF,2026-06-24
1058,,,Uttar Pradesh,SBI,Cash@PoS,Cash@PoS PDF,2026-06-24
1059,,,Uttar Pradesh,SBI,Cash@PoS,Cash@PoS PDF,2026-06-24
1060,,,Uttar Pradesh,SBI,Cash@PoS,Cash@PoS PDF,2026-06-24
1061,,,Uttar Pradesh,SBI,Cash@PoS,Cash@PoS PDF,2026-06-24
1062,,,Uttar Pradesh,SBI,Cash@PoS,Cash@PoS PDF,2026-06-24
1063,,,Uttar Pradesh,SBI,Cash@PoS,Cash@PoS PDF,2026-06-24
1064,,,Uttar Pradesh,SBI,Cash@PoS,Cash@PoS PDF,2026-06-24
1065,,,Uttar Pradesh,SBI,Cash@PoS,Cash@PoS PDF,2026-06-24
1066,,,Uttar Pradesh,SBI,Cash@PoS,Cash@PoS PDF,2026-06-24
1067,,,Uttar Pradesh,SBI,Cash@PoS,Cash@PoS PDF,2026-06-24
1068,,,Uttar Pradesh,SBI,Cash@PoS,Cash@PoS PDF,2026-06-24
1069,,,Uttar Pradesh,SBI,Cash@PoS,Cash@PoS PDF,2026-06-24
1070,,,Uttar Pradesh,SBI,Cash@PoS,Cash@PoS PDF,2026-06-24
1071,,,Uttar Pradesh,SBI,Cash@PoS,Cash@PoS PDF,2026-06-24
1072,,,Uttar Pradesh,SBI,Cash@PoS,Cash@PoS PDF,2026-06-24
1073,,,Uttar Pradesh,SBI,Cash@PoS,Cash@PoS PDF,2026-06-24
1074,,,Uttar Pradesh,SBI,Cash@PoS,Cash@PoS PDF,2026-06-24
1075,,,Uttar Pradesh,SBI,Cash@PoS,Cash@PoS PDF,2026-06-24
1076,,,Uttar Pradesh,SBI,Cash@PoS,Cash@PoS PDF,2026-06-24
1077,,,Uttar Pradesh,SBI,Cash@PoS,Cash@PoS PDF,2026-06-24
1078,,,Uttar Pradesh,SBI,Cash@PoS,Cash@PoS PDF,2026-06-24
1079,,,Uttar Pradesh,SBI,Cash@PoS,Cash@PoS PDF,2026-06-24
1080,,,Uttar Pradesh,SBI,Cash@PoS,Cash@PoS PDF,2026-06-24
1081,,,Uttar Pradesh,SBI,Cash@PoS,Cash@PoS PDF,2026-06-24
1082,,,Uttar Pradesh,SBI,Cash@PoS,Cash@PoS PDF,2026-06-24
1083,,,Uttar Pradesh,SBI,Cash@PoS,Cash@PoS PDF,2026-06-24
1084,,,Uttar Pradesh,SBI,Cash@PoS,Cash@PoS PDF,2026-06-24
1085,,,Uttar Pradesh,SBI,Cash@PoS,Cash@PoS PDF,2026-06-24
1086,,,Uttar Pradesh,SBI,Cash@PoS,Cash@PoS PDF,2026-06-24
1087,,,Uttar Pradesh,SBI,Cash@PoS,Cash@PoS PDF,2026-06-24
1088,,,Uttar Pradesh,SBI,Cash@PoS,Cash@PoS PDF,2026-06-24
1089,,,Uttar Pradesh,SBI,Cash@PoS,Cash@PoS PDF,2026-06-24
1090,,,Uttar Pradesh,SBI,Cash@PoS,Cash@PoS PDF,2026-06-24
1091,,,Uttar Pradesh,SBI,Cash@PoS,Cash@PoS PDF,2026-06-24
1092,,,Uttar Pradesh,SBI,Cash@PoS,Cash@PoS PDF,2026-06-24
1093,,,Uttar Pradesh,SBI,Cash@PoS,Cash@PoS PDF,2026-06-24
1094,,,Uttar Pradesh,SBI,Cash@PoS,Cash@PoS PDF,2026-06-24
1095,,,Uttar Pradesh,SBI,Cash@PoS,Cash@PoS PDF,2026-06-24
1096,,,Uttar Pradesh,SBI,Cash@PoS,Cash@PoS PDF,2026-06-24
1097,,,Uttar Pradesh,SBI,Cash@PoS,Cash@PoS PDF,2026-06-24
1098,,,Uttar Pradesh,SBI,Cash@PoS,Cash@PoS PDF,2026-06-24
1099,,,Uttar Pradesh,SBI,Cash@PoS,Cash@PoS PDF,2026-06-24
1100,,,Uttar Pradesh,SBI,Cash@PoS,Cash@PoS PDF,2026-06-24
1101,,,Uttar Pradesh,SBI,Cash@PoS,Cash@PoS PDF,2026-06-24
1102,,,Uttar Pradesh,SBI,Cash@PoS,Cash@PoS PDF,2026-06-24
1103,,,Uttar Pradesh,SBI,Cash@PoS,Cash@PoS PDF,2026-06-24
1104,,,Uttar Pradesh,SBI,Cash@PoS,Cash@PoS PDF,2026-06-24
1105,,,Uttar Pradesh,SBI,Cash@PoS,Cash@PoS PDF,2026-06-24
1106,,,Uttar Pradesh,SBI,Cash@PoS,Cash@PoS PDF,2026-06-24
1107,,,Uttar Pradesh,SBI,Cash@PoS,Cash@PoS PDF,2026-06-24
1108,,,Uttar Pradesh,SBI,Cash@PoS,Cash@PoS PDF,2026-06-24
1109,,,Uttar Pradesh,SBI,Cash@PoS,Cash@PoS PDF,2026-06-24
1110,,,Uttar Pradesh,SBI,Cash@PoS,Cash@PoS PDF,2026-06-24
1111,,,Uttar Pradesh,SBI,Cash@PoS,Cash@PoS PDF,2026-06-24
1113,,,Uttar Pradesh,SBI,Cash@PoS,Cash@PoS PDF,2026-06-24
1114,,,Uttar Pradesh,SBI,Cash@PoS,Cash@PoS PDF,2026-06-24
1115,,,Uttar Pradesh,SBI,Cash@PoS,Cash@PoS PDF,2026-06-24
1116,,,Uttar Pradesh,SBI,Cash@PoS,Cash@PoS PDF,2026-06-24
1117,,,Uttar Pradesh,SBI,Cash@PoS,Cash@PoS PDF,2026-06-24
1118,,,Uttar Pradesh,SBI,Cash@PoS,Cash@PoS PDF,2026-06-24
1119,,,Uttar Pradesh,SBI,Cash@PoS,Cash@PoS PDF,2026-06-24
1120,,,Uttar Pradesh,SBI,Cash@PoS,Cash@PoS PDF,2026-06-24
1121,,,Uttar Pradesh,SBI,Cash@PoS,Cash@PoS PDF,2026-06-24
1122,,,Uttar Pradesh,SBI,Cash@PoS,Cash@PoS PDF,2026-06-24
1123,,,Uttar Pradesh,SBI,Cash@PoS,Cash@PoS PDF,2026-06-24
1124,,,Uttar Pradesh,SBI,Cash@PoS,Cash@PoS PDF,2026-06-24
1125,,,Uttar Pradesh,SBI,Cash@PoS,Cash@PoS PDF,2026-06-24
1126,,,Uttar Pradesh,SBI,Cash@PoS,Cash@PoS PDF,2026-06-24
1127,,,Uttar Pradesh,SBI,Cash@PoS,Cash@PoS PDF,2026-06-24
1128,,,Uttar Pradesh,SBI,Cash@PoS,Cash@PoS PDF,2026-06-24
1129,,,Uttar Pradesh,SBI,Cash@PoS,Cash@PoS PDF,2026-06-24
1130,,,Uttar Pradesh,SBI,Cash@PoS,Cash@PoS PDF,2026-06-24
1131,,,Uttar Pradesh,SBI,Cash@PoS,Cash@PoS PDF,2026-06-24
1132,,,Uttar Pradesh,SBI,Cash@PoS,Cash@PoS PDF,2026-06-24
1133,,,Uttar Pradesh,SBI,Cash@PoS,Cash@PoS PDF,2026-06-24
1134,,,Uttar Pradesh,SBI,Cash@PoS,Cash@PoS PDF,2026-06-24
1135,,,Uttar Pradesh,SBI,Cash@PoS,Cash@PoS PDF,2026-06-24
1136,,,West Bengal,SBI,Cash@PoS,Cash@PoS PDF,2026-06-24
1137,,,West Bengal,SBI,Cash@PoS,Cash@PoS PDF,2026-06-24
1138,,,West Bengal,SBI,Cash@PoS,Cash@PoS PDF,2026-06-24
1139,,,West Bengal,SBI,Cash@PoS,Cash@PoS PDF,2026-06-24
1140,,,West Bengal,SBI,Cash@PoS,Cash@PoS PDF,2026-06-24
1141,,,West Bengal,SBI,Cash@PoS,Cash@PoS PDF,2026-06-24
1142,,,West Bengal,SBI,Cash@PoS,Cash@PoS PDF,2026-06-24
1143,,,West Bengal,SBI,Cash@PoS,Cash@PoS PDF,2026-06-24
1144,,,West Bengal,SBI,Cash@PoS,Cash@PoS PDF,2026-06-24
1145,,,West Bengal,SBI,Cash@PoS,Cash@PoS PDF,2026-06-24
1146,,,West Bengal,SBI,Cash@PoS,Cash@PoS PDF,2026-06-24
1147,,,West Bengal,SBI,Cash@PoS,Cash@PoS PDF,2026-06-24
1148,,,West Bengal,SBI,Cash@PoS,Cash@PoS PDF,2026-06-24
1149,,,West Bengal,SBI,Cash@PoS,Cash@PoS PDF,2026-06-24
1150,,,West Bengal,SBI,Cash@PoS,Cash@PoS PDF,2026-06-24
1151,,,West Bengal,SBI,Cash@PoS,Cash@PoS PDF,2026-06-24
1153,,,West Bengal,SBI,Cash@PoS,Cash@PoS PDF,2026-06-24
1154,,,West Bengal,SBI,Cash@PoS,Cash@PoS PDF,2026-06-24
1155,,,West Bengal,SBI,Cash@PoS,Cash@PoS PDF,2026-06-24
1157,,,West Bengal,SBI,Cash@PoS,Cash@PoS PDF,2026-06-24
1158,,,West Bengal,SBI,Cash@PoS,Cash@PoS PDF,2026-06-24
1159,,,West Bengal,SBI,Cash@PoS,Cash@PoS PDF,2026-06-24
1161,,,West Bengal,SBI,Cash@PoS,Cash@PoS PDF,2026-06-24
1162,,,West Bengal,SBI,Cash@PoS,Cash@PoS PDF,2026-06-24
1163,,,West Bengal,SBI,Cash@PoS,Cash@PoS PDF,2026-06-24
1164,,,West Bengal,SBI,Cash@PoS,Cash@PoS PDF,2026-06-24
1165,,,West Bengal,SBI,Cash@PoS,Cash@PoS PDF,2026-06-24
1166,,,West Bengal,SBI,Cash@PoS,Cash@PoS PDF,2026-06-24
1167,,,West Bengal,SBI,Cash@PoS,Cash@PoS PDF,2026-06-24
1168,,,West Bengal,SBI,Cash@PoS,Cash@PoS PDF,2026-06-24
1169,,,West Bengal,SBI,Cash@PoS,Cash@PoS PDF,2026-06-24
1170,,,West Bengal,SBI,Cash@PoS,Cash@PoS PDF,2026-06-24
1171,,,West Bengal,SBI,Cash@PoS,Cash@PoS PDF,2026-06-24
1172,,,West Bengal,SBI,Cash@PoS,Cash@PoS PDF,2026-06-24
1173,,,West Bengal,SBI,Cash@PoS,Cash@PoS PDF,2026-06-24
1174,,,West Bengal,SBI,Cash@PoS,Cash@PoS PDF,2026-06-24
1175,,,West Bengal,SBI,Cash@PoS,Cash@PoS PDF,2026-06-24
1176,,,West Bengal,SBI,Cash@PoS,Cash@PoS PDF,2026-06-24
1177,,,West Bengal,SBI,Cash@PoS,Cash@PoS PDF,2026-06-24
1178,,,West Bengal,SBI,Cash@PoS,Cash@PoS PDF,2026-06-24
1179,,,West Bengal,SBI,Cash@PoS,Cash@PoS PDF,2026-06-24
1180,,,West Bengal,SBI,Cash@PoS,Cash@PoS PDF,2026-06-24
1181,,,West Bengal,SBI,Cash@PoS,Cash@PoS PDF,2026-06-24
1182,,,West Bengal,SBI,Cash@PoS,Cash@PoS PDF,2026-06-24
1183,,,West Bengal,SBI,Cash@PoS,Cash@PoS PDF,2026-06-24
1184,,,West Bengal,SBI,Cash@PoS,Cash@PoS PDF,2026-06-24
1185,,,West Bengal,SBI,Cash@PoS,Cash@PoS PDF,2026-06-24
1186,,,West Bengal,SBI,Cash@PoS,Cash@PoS PDF,2026-06-24
1187,,,West Bengal,SBI,Cash@PoS,Cash@PoS PDF,2026-06-24
1188,,,West Bengal,SBI,Cash@PoS,Cash@PoS PDF,2026-06-24
1189,,,West Bengal,SBI,Cash@PoS,Cash@PoS PDF,2026-06-24
1190,,,West Bengal,SBI,Cash@PoS,Cash@PoS PDF,2026-06-24
1191,,,West Bengal,SBI,Cash@PoS,Cash@PoS PDF,2026-06-24
1192,,,West Bengal,SBI,Cash@PoS,Cash@PoS PDF,2026-06-24
1193,,,West Bengal,SBI,Cash@PoS,Cash@PoS PDF,2026-06-24
1194,,,West Bengal,SBI,Cash@PoS,Cash@PoS PDF,2026-06-24
1195,,,West Bengal,SBI,Cash@PoS,Cash@PoS PDF,2026-06-24
1196,,,West Bengal,SBI,Cash@PoS,Cash@PoS PDF,2026-06-24
1197,,,West Bengal,SBI,Cash@PoS,Cash@PoS PDF,2026-06-24
1198,,,West Bengal,SBI,Cash@PoS,Cash@PoS PDF,2026-06-24
1199,,,West Bengal,SBI,Cash@PoS,Cash@PoS PDF,2026-06-24
1200,,,West Bengal,SBI,Cash@PoS,Cash@PoS PDF,2026-06-24
1201,,,West Bengal,SBI,Cash@PoS,Cash@PoS PDF,2026-06-24
1202,,,West Bengal,SBI,Cash@PoS,Cash@PoS PDF,2026-06-24
1203,,,West Bengal,SBI,Cash@PoS,Cash@PoS PDF,2026-06-24
1204,,,West Bengal,SBI,Cash@PoS,Cash@PoS PDF,2026-06-24
1205,,,West Bengal,SBI,Cash@PoS,Cash@PoS PDF,2026-06-24
1206,,,West Bengal,SBI,Cash@PoS,Cash@PoS PDF,2026-06-24
1207,,,West Bengal,SBI,Cash@PoS,Cash@PoS PDF,2026-06-24
1208,,,West Bengal,SBI,Cash@PoS,Cash@PoS PDF,2026-06-24
1209,,,West Bengal,SBI,Cash@PoS,Cash@PoS PDF,2026-06-24
1210,,,West Bengal,SBI,Cash@PoS,Cash@PoS PDF,2026-06-24
1211,,,West Bengal,SBI,Cash@PoS,Cash@PoS PDF,2026-06-24
1212,,,West Bengal,SBI,Cash@PoS,Cash@PoS PDF,2026-06-24
1213,,,West Bengal,SBI,Cash@PoS,Cash@PoS PDF,2026-06-24
1214,,,West Bengal,SBI,Cash@PoS,Cash@PoS PDF,2026-06-24
1215,,,West Bengal,SBI,Cash@PoS,Cash@PoS PDF,2026-06-24
1216,,,West Bengal,SBI,Cash@PoS,Cash@PoS PDF,2026-06-24
1217,,,West Bengal,SBI,Cash@PoS,Cash@PoS PDF,2026-06-24
1218,,,West Bengal,SBI,Cash@PoS,Cash@PoS PDF,2026-06-24
1219,,,West Bengal,SBI,Cash@PoS,Cash@PoS PDF,2026-06-24
1220,,,West Bengal,SBI,Cash@PoS,Cash@PoS PDF,2026-06-24
1221,,,West Bengal,SBI,Cash@PoS,Cash@PoS PDF,2026-06-24
CHINTAPALLI FILLING,,,Andhra Pradesh,SBI,Mini ATM / Cash@PoS,SBI Cash@PoS PDF,2026-06-24
A.G.K FILLNG,,,Andhra Pradesh,SBI,Mini ATM / Cash@PoS,SBI Cash@PoS PDF,2026-06-24
N.KUPPU RAO,,,Andhra Pradesh,SBI,Mini ATM / Cash@PoS,SBI Cash@PoS PDF,2026-06-24
MUDDANA RANGARAO,,,Andhra Pradesh,SBI,Mini ATM / Cash@PoS,SBI Cash@PoS PDF,2026-06-24
DHARMA TEJA,,,Andhra Pradesh,SBI,Mini ATM / Cash@PoS,SBI Cash@PoS PDF,2026-06-24
KANCHI SEETHARAMAIAH,,,Andhra Pradesh,SBI,Mini ATM / Cash@PoS,SBI Cash@PoS PDF,2026-06-24
SRI RAVI,,,Andhra Pradesh,SBI,Mini ATM / Cash@PoS,SBI Cash@PoS PDF,2026-06-24
LAKSHMI VASAVI,,,Andhra Pradesh,SBI,Mini ATM / Cash@PoS,SBI Cash@PoS PDF,2026-06-24
SRI SAI,,,Andhra Pradesh,SBI,Mini ATM / Cash@PoS,SBI Cash@PoS PDF,2026-06-24
A.K.FILLING STATION,,,Andhra Pradesh,SBI,Mini ATM / Cash@PoS,SBI Cash@PoS PDF,2026-06-24
NAGARATHNAMMA FILLING,,,Andhra Pradesh,SBI,Mini ATM / Cash@PoS,SBI Cash@PoS PDF,2026-06-24
SRI VIJAYALAKSHMI,,,Andhra Pradesh,SBI,Mini ATM / Cash@PoS,SBI Cash@PoS PDF,2026-06-24
CSR Murthy(Ugginipalem),,,Andhra Pradesh,SBI,Mini ATM / Cash@PoS,SBI Cash@PoS PDF,2026-06-24
LOKESH QUALITY,,,Andhra Pradesh,SBI,Mini ATM / Cash@PoS,SBI Cash@PoS PDF,2026-06-24
CHENGSONS FUELS,,,Andhra Pradesh,SBI,Mini ATM / Cash@PoS,SBI Cash@PoS PDF,2026-06-24
Sri Prasannanjaneya,,,Andhra Pradesh,SBI,Mini ATM / Cash@PoS,SBI Cash@PoS PDF,2026-06-24
BUCHIBABU FILLING,,,Andhra Pradesh,SBI,Mini ATM / Cash@PoS,SBI Cash@PoS PDF,2026-06-24
Sri Srinivasa,,,Andhra Pradesh,SBI,Mini ATM / Cash@PoS,SBI Cash@PoS PDF,2026-06-24
Dachineni Satyanarayana,,,Andhra Pradesh,SBI,Mini ATM / Cash@PoS,SBI Cash@PoS PDF,2026-06-24
Dasari Filling,,,Andhra Pradesh,SBI,Mini ATM / Cash@PoS,SBI Cash@PoS PDF,2026-06-24
Jasmitha Filling,,,Andhra Pradesh,SBI,Mini ATM / Cash@PoS,SBI Cash@PoS PDF,2026-06-24
Sri Viswa,,,Andhra Pradesh,SBI,Mini ATM / Cash@PoS,SBI Cash@PoS PDF,2026-06-24
SRI LAXMI,,,Andhra Pradesh,SBI,Mini ATM / Cash@PoS,SBI Cash@PoS PDF,2026-06-24
Y N,,,Andhra Pradesh,SBI,Mini ATM / Cash@PoS,SBI Cash@PoS PDF,2026-06-24
RAMAKRISHNA DIESEL,,,Andhra Pradesh,SBI,Mini ATM / Cash@PoS,SBI Cash@PoS PDF,2026-06-24
PRAMUKH PETROLEUM,,,Gujarat,SBI,Mini ATM / Cash@PoS,SBI Cash@PoS PDF,2026-06-24
V D,,,Gujarat,SBI,Mini ATM / Cash@PoS,SBI Cash@PoS PDF,2026-06-24
ADENWALLA PETROLEUM,,,Gujarat,SBI,Mini ATM / Cash@PoS,SBI Cash@PoS PDF,2026-06-24
M M,,,Gujarat,SBI,Mini ATM / Cash@PoS,SBI Cash@PoS PDF,2026-06-24
SADHI PETROLEUM,,,Gujarat,SBI,Mini ATM / Cash@PoS,SBI Cash@PoS PDF,2026-06-24
BHAGYALAXMI PETROLEUM,,,Gujarat,SBI,Mini ATM / Cash@PoS,SBI Cash@PoS PDF,2026-06-24
JASANI BROS,,,Gujarat,SBI,Mini ATM / Cash@PoS,SBI Cash@PoS PDF,2026-06-24
BHAGIRATH PETROLEUM,,,Gujarat,SBI,Mini ATM / Cash@PoS,SBI Cash@PoS PDF,2026-06-24
SHIV KRUPA,,,Gujarat,SBI,Mini ATM / Cash@PoS,SBI Cash@PoS PDF,2026-06-24
SATYASAI PETROLEUM,,,Gujarat,SBI,Mini ATM / Cash@PoS,SBI Cash@PoS PDF,2026-06-24
SHREE KESHAV,,,Gujarat,SBI,Mini ATM / Cash@PoS,SBI Cash@PoS PDF,2026-06-24
PRABHAT PETROLEUM,,,Gujarat,SBI,Mini ATM / Cash@PoS,SBI Cash@PoS PDF,2026-06-24
SHAH PETROLEUM,,,Gujarat,SBI,Mini ATM / Cash@PoS,SBI Cash@PoS PDF,2026-06-24
RAVIRAJ PETROLEUM,,,Gujarat,SBI,Mini ATM / Cash@PoS,SBI Cash@PoS PDF,2026-06-24
SHREEJI FILLING,,,Gujarat,SBI,Mini ATM / Cash@PoS,SBI Cash@PoS PDF,2026-06-24
KRISHNA PETROLEUM,,,Gujarat,SBI,Mini ATM / Cash@PoS,SBI Cash@PoS PDF,2026-06-24
GAYATRI PETROLEUM,,,Gujarat,SBI,Mini ATM / Cash@PoS,SBI Cash@PoS PDF,2026-06-24
AJMERI &,,,Gujarat,SBI,Mini ATM / Cash@PoS,SBI Cash@PoS PDF,2026-06-24
AVADH PETROLEUM,,,Gujarat,SBI,Mini ATM / Cash@PoS,SBI Cash@PoS PDF,2026-06-24
DHARM PETROLEUM,,,Gujarat,SBI,Mini ATM / Cash@PoS,SBI Cash@PoS PDF,2026-06-24
VINAYAK PETROLEUM,,,Gujarat,SBI,Mini ATM / Cash@PoS,SBI Cash@PoS PDF,2026-06-24
DELUX PETROLEUM,,,Gujarat,SBI,Mini ATM / Cash@PoS,SBI Cash@PoS PDF,2026-06-24
RAJANI PETROLEUM,,,Gujarat,SBI,Mini ATM / Cash@PoS,SBI Cash@PoS PDF,2026-06-24
SARDAR PETROLEUM,,,Gujarat,SBI,Mini ATM / Cash@PoS,SBI Cash@PoS PDF,2026-06-24
MAA ASHAPURA,,,Gujarat,SBI,Mini ATM / Cash@PoS,SBI Cash@PoS PDF,2026-06-24
SHREEJI PETROLEUM,,,Gujarat,SBI,Mini ATM / Cash@PoS,SBI Cash@PoS PDF,2026-06-24
GORANIYA PETROLEUM,,,Gujarat,SBI,Mini ATM / Cash@PoS,SBI Cash@PoS PDF,2026-06-24
FORAM PETROLEUM,,,Gujarat,SBI,Mini ATM / Cash@PoS,SBI Cash@PoS PDF,2026-06-24
HARSH PETROLEUM,,,Gujarat,SBI,Mini ATM / Cash@PoS,SBI Cash@PoS PDF,2026-06-24
CORUS PETROLEUM,,,Gujarat,SBI,Mini ATM / Cash@PoS,SBI Cash@PoS PDF,2026-06-24
PARTH PETROLEUM,,,Gujarat,SBI,Mini ATM / Cash@PoS,SBI Cash@PoS PDF,2026-06-24
SHIVAM PETROLEUM,,,Gujarat,SBI,Mini ATM / Cash@PoS,SBI Cash@PoS PDF,2026-06-24
SHADI RAM,,,Haryana,SBI,Mini ATM / Cash@PoS,SBI Cash@PoS PDF,2026-06-24
AGROHA SERVICE,,,Haryana,SBI,Mini ATM / Cash@PoS,SBI Cash@PoS PDF,2026-06-24
KHALSA MOTOR,,,Haryana,SBI,Mini ATM / Cash@PoS,SBI Cash@PoS PDF,2026-06-24
SHIVA FILLING,,,Haryana,SBI,Mini ATM / Cash@PoS,SBI Cash@PoS PDF,2026-06-24
CHANGIA FILLING,,,Haryana,SBI,Mini ATM / Cash@PoS,SBI Cash@PoS PDF,2026-06-24
RAWATI FILLING,,,Haryana,SBI,Mini ATM / Cash@PoS,SBI Cash@PoS PDF,2026-06-24
PIPLI HIGHWAY,,,Haryana,SBI,Mini ATM / Cash@PoS,SBI Cash@PoS PDF,2026-06-24
KAITHAL PETRO,,,Haryana,SBI,Mini ATM / Cash@PoS,SBI Cash@PoS PDF,2026-06-24
TARGET FUELS,,,Haryana,SBI,Mini ATM / Cash@PoS,SBI Cash@PoS PDF,2026-06-24
KANWAL FILLING,,,Haryana,SBI,Mini ATM / Cash@PoS,SBI Cash@PoS PDF,2026-06-24
R.K.FILLING STATION,,,Haryana,SBI,Mini ATM / Cash@PoS,SBI Cash@PoS PDF,2026-06-24
VISHWAS FILLING,,,Haryana,SBI,Mini ATM / Cash@PoS,SBI Cash@PoS PDF,2026-06-24
SHAHEED JASVIR,,,Haryana,SBI,Mini ATM / Cash@PoS,SBI Cash@PoS PDF,2026-06-24
JAI KISSAN,,,Haryana,SBI,Mini ATM / Cash@PoS,SBI Cash@PoS PDF,2026-06-24
GOBIND MOTORS,,,Haryana,SBI,Mini ATM / Cash@PoS,SBI Cash@PoS PDF,2026-06-24
SHREE SALASAR,,,Haryana,SBI,Mini ATM / Cash@PoS,SBI Cash@PoS PDF,2026-06-24
JAI LAL,,,Haryana,SBI,Mini ATM / Cash@PoS,SBI Cash@PoS PDF,2026-06-24
SWAMI FILLING,,,Haryana,SBI,Mini ATM / Cash@PoS,SBI Cash@PoS PDF,2026-06-24
DHARAM CHAND,,,Haryana,SBI,Mini ATM / Cash@PoS,SBI Cash@PoS PDF,2026-06-24
SURESH OIL,,,Haryana,SBI,Mini ATM / Cash@PoS,SBI Cash@PoS PDF,2026-06-24
SHREE JEE,,,Haryana,SBI,Mini ATM / Cash@PoS,SBI Cash@PoS PDF,2026-06-24
BHARAT FILLING,,,Haryana,SBI,Mini ATM / Cash@PoS,SBI Cash@PoS PDF,2026-06-24
EKAM FILLING,,,Haryana,SBI,Mini ATM / Cash@PoS,SBI Cash@PoS PDF,2026-06-24
CHUNNI LAL,,,Haryana,SBI,Mini ATM / Cash@PoS,SBI Cash@PoS PDF,2026-06-24
RAJENDRA PETRO,,,Haryana,SBI,Mini ATM / Cash@PoS,SBI Cash@PoS PDF,2026-06-24
PICK-N-MOVE DHARUHERA,,,Haryana,SBI,Mini ATM / Cash@PoS,SBI Cash@PoS PDF,2026-06-24
HARYANA OIL,,,Haryana,SBI,Mini ATM / Cash@PoS,SBI Cash@PoS PDF,2026-06-24
SHRI GANESH,,,Haryana,SBI,Mini ATM / Cash@PoS,SBI Cash@PoS PDF,2026-06-24
LOK NATH,,,Haryana,SBI,Mini ATM / Cash@PoS,SBI Cash@PoS PDF,2026-06-24
SURINDER &,,,Haryana,SBI,Mini ATM / Cash@PoS,SBI Cash@PoS PDF,2026-06-24
OM FILLING,,,Haryana,SBI,Mini ATM / Cash@PoS,SBI Cash@PoS PDF,2026-06-24
FOUJI FUEL,,,Haryana,SBI,Mini ATM / Cash@PoS,SBI Cash@PoS PDF,2026-06-24
SHREE SURYA,,,Karnataka,SBI,Mini ATM / Cash@PoS,SBI Cash@PoS PDF,2026-06-24
SHREE DEVI,,,Karnataka,SBI,Mini ATM / Cash@PoS,SBI Cash@PoS PDF,2026-06-24
KISHORI AGENCY,,,Karnataka,SBI,Mini ATM / Cash@PoS,SBI Cash@PoS PDF,2026-06-24
SHREE BHRAMARAMBHA,,,Karnataka,SBI,Mini ATM / Cash@PoS,SBI Cash@PoS PDF,2026-06-24
SREE RAM,,,Karnataka,SBI,Mini ATM / Cash@PoS,SBI Cash@PoS PDF,2026-06-24
GREEN VIEW,,,Karnataka,SBI,Mini ATM / Cash@PoS,SBI Cash@PoS PDF,2026-06-24
C.V.BAGALKOTI &,,,Karnataka,SBI,Mini ATM / Cash@PoS,SBI Cash@PoS PDF,2026-06-24
ALIYA PETROLEUMS,,,Karnataka,SBI,Mini ATM / Cash@PoS,SBI Cash@PoS PDF,2026-06-24
JAYALAXMI PETROLEUMS,,,Karnataka,SBI,Mini ATM / Cash@PoS,SBI Cash@PoS PDF,2026-06-24
JAYAM PETROLEUM,,,Karnataka,SBI,Mini ATM / Cash@PoS,SBI Cash@PoS PDF,2026-06-24
B.M CHANDRASHEKHAR,,,Karnataka,SBI,Mini ATM / Cash@PoS,SBI Cash@PoS PDF,2026-06-24
SHREE REVANSHIDDESHWAR,,,Karnataka,SBI,Mini ATM / Cash@PoS,SBI Cash@PoS PDF,2026-06-24
VAISHNAVI PETROLEUMS,,,Karnataka,SBI,Mini ATM / Cash@PoS,SBI Cash@PoS PDF,2026-06-24
PAWAR PETROLEUM,,,Karnataka,SBI,Mini ATM / Cash@PoS,SBI Cash@PoS PDF,2026-06-24
SMT SHARANAMMA,,,Karnataka,SBI,Mini ATM / Cash@PoS,SBI Cash@PoS PDF,2026-06-24
Sri Gurusiddaprabhudevaru,,,Karnataka,SBI,Mini ATM / Cash@PoS,SBI Cash@PoS PDF,2026-06-24
APOORVA SERVICE,,,Karnataka,SBI,Mini ATM / Cash@PoS,SBI Cash@PoS PDF,2026-06-24
M.S. SERVICE,,,Karnataka,SBI,Mini ATM / Cash@PoS,SBI Cash@PoS PDF,2026-06-24
RAJNISH FUEL,,,Karnataka,SBI,Mini ATM / Cash@PoS,SBI Cash@PoS PDF,2026-06-24
NIRALE PETROLEUM,,,Karnataka,SBI,Mini ATM / Cash@PoS,SBI Cash@PoS PDF,2026-06-24
KALLUR PETROLEUM,,,Karnataka,SBI,Mini ATM / Cash@PoS,SBI Cash@PoS PDF,2026-06-24
B S,,,Karnataka,SBI,Mini ATM / Cash@PoS,SBI Cash@PoS PDF,2026-06-24
SRI NAGABHUSHANA,,,Karnataka,SBI,Mini ATM / Cash@PoS,SBI Cash@PoS PDF,2026-06-24
JABBAR PETROLEUM,,,Karnataka,SBI,Mini ATM / Cash@PoS,SBI Cash@PoS PDF,2026-06-24
KASHAPPA KHANDRE,,,Karnataka,SBI,Mini ATM / Cash@PoS,SBI Cash@PoS PDF,2026-06-24
P. V.,,,Karnataka,SBI,Mini ATM / Cash@PoS,SBI Cash@PoS PDF,2026-06-24
SHREE BALAJI,,,Karnataka,SBI,Mini ATM / Cash@PoS,SBI Cash@PoS PDF,2026-06-24
V.R.CHIDRI HUMNABAD,,,Karnataka,SBI,Mini ATM / Cash@PoS,SBI Cash@PoS PDF,2026-06-24
SRI SAI,,,Karnataka,SBI,Mini ATM / Cash@PoS,SBI Cash@PoS PDF,2026-06-24
BASARIKATTI PETROLEUM,,,Karnataka,SBI,Mini ATM / Cash@PoS,SBI Cash@PoS PDF,2026-06-24
PRIYADARSHI FUEL,,,Karnataka,SBI,Mini ATM / Cash@PoS,SBI Cash@PoS PDF,2026-06-24
NANDI BASAVESHWARA,,,Karnataka,SBI,Mini ATM / Cash@PoS,SBI Cash@PoS PDF,2026-06-24
Gouri fuels,,,Karnataka,SBI,Mini ATM / Cash@PoS,SBI Cash@PoS PDF,2026-06-24
K.G.N. AUTOMOTIVES,,,Karnataka,SBI,Mini ATM / Cash@PoS,SBI Cash@PoS PDF,2026-06-24
SHIVASHAKTI SERVICE,,,Karnataka,SBI,Mini ATM / Cash@PoS,SBI Cash@PoS PDF,2026-06-24
SHARDAMBA SERVICE,,,Karnataka,SBI,Mini ATM / Cash@PoS,SBI Cash@PoS PDF,2026-06-24
SHUBHODAYA FILLING,,,Karnataka,SBI,Mini ATM / Cash@PoS,SBI Cash@PoS PDF,2026-06-24
SRI AMARESHWARA,,,Karnataka,SBI,Mini ATM / Cash@PoS,SBI Cash@PoS PDF,2026-06-24
SRI HANUMAN,,,Karnataka,SBI,Mini ATM / Cash@PoS,SBI Cash@PoS PDF,2026-06-24
ARUNODAYA SERVICE,,,Karnataka,SBI,Mini ATM / Cash@PoS,SBI Cash@PoS PDF,2026-06-24
MULAMTHANAM FUELS,,,Kerala,SBI,Mini ATM / Cash@PoS,SBI Cash@PoS PDF,2026-06-24
T.A.SEBASTIAN &,,,Kerala,SBI,Mini ATM / Cash@PoS,SBI Cash@PoS PDF,2026-06-24
CRESCENT FUELS,,,Kerala,SBI,Mini ATM / Cash@PoS,SBI Cash@PoS PDF,2026-06-24
SREES PETROLEUM,,,Kerala,SBI,Mini ATM / Cash@PoS,SBI Cash@PoS PDF,2026-06-24
CNN PETROLEUM,,,Kerala,SBI,Mini ATM / Cash@PoS,SBI Cash@PoS PDF,2026-06-24
BHARAT FUEL,,,Kerala,SBI,Mini ATM / Cash@PoS,SBI Cash@PoS PDF,2026-06-24
BINU FUELS,,,Kerala,SBI,Mini ATM / Cash@PoS,SBI Cash@PoS PDF,2026-06-24
PARAMOUNT CORPORATION,,,Kerala,SBI,Mini ATM / Cash@PoS,SBI Cash@PoS PDF,2026-06-24
CHITHALI PETRO,,,Kerala,SBI,Mini ATM / Cash@PoS,SBI Cash@PoS PDF,2026-06-24
NARESH PETROLEUM,,,Madhya Pradesh,SBI,Mini ATM / Cash@PoS,SBI Cash@PoS PDF,2026-06-24
NATIONAL TRADERS,,,Madhya Pradesh,SBI,Mini ATM / Cash@PoS,SBI Cash@PoS PDF,2026-06-24
SHRI GIRIRAJ,,,Madhya Pradesh,SBI,Mini ATM / Cash@PoS,SBI Cash@PoS PDF,2026-06-24
ASTHA PETROLEUM,,,Madhya Pradesh,SBI,Mini ATM / Cash@PoS,SBI Cash@PoS PDF,2026-06-24
BHAGWAN AUTO,,,Madhya Pradesh,SBI,Mini ATM / Cash@PoS,SBI Cash@PoS PDF,2026-06-24
ADITYA FILLING,,,Madhya Pradesh,SBI,Mini ATM / Cash@PoS,SBI Cash@PoS PDF,2026-06-24
SHRI SIDDH,,,Madhya Pradesh,SBI,Mini ATM / Cash@PoS,SBI Cash@PoS PDF,2026-06-24
VIJAY FILLING,,,Madhya Pradesh,SBI,Mini ATM / Cash@PoS,SBI Cash@PoS PDF,2026-06-24
YASH PETROLEUM,,,Madhya Pradesh,SBI,Mini ATM / Cash@PoS,SBI Cash@PoS PDF,2026-06-24
JANTA SALES,,,Madhya Pradesh,SBI,Mini ATM / Cash@PoS,SBI Cash@PoS PDF,2026-06-24
ALANKAR PETROL,,,Madhya Pradesh,SBI,Mini ATM / Cash@PoS,SBI Cash@PoS PDF,2026-06-24
PITAMBRA FILLING,,,Madhya Pradesh,SBI,Mini ATM / Cash@PoS,SBI Cash@PoS PDF,2026-06-24
VANASTHALI FUEL,,,Madhya Pradesh,SBI,Mini ATM / Cash@PoS,SBI Cash@PoS PDF,2026-06-24
JOSHI AUTOMOBILES,,,Madhya Pradesh,SBI,Mini ATM / Cash@PoS,SBI Cash@PoS PDF,2026-06-24
GIRIRAJ FILLING,,,Madhya Pradesh,SBI,Mini ATM / Cash@PoS,SBI Cash@PoS PDF,2026-06-24
D.L. PRASAD,,,Madhya Pradesh,SBI,Mini ATM / Cash@PoS,SBI Cash@PoS PDF,2026-06-24
FAIRDEAL FUEL,,,Madhya Pradesh,SBI,Mini ATM / Cash@PoS,SBI Cash@PoS PDF,2026-06-24
GYANSAROVAR DIESEL,,,Madhya Pradesh,SBI,Mini ATM / Cash@PoS,SBI Cash@PoS PDF,2026-06-24
MIDHORE &,,,Madhya Pradesh,SBI,Mini ATM / Cash@PoS,SBI Cash@PoS PDF,2026-06-24
LAKHMI CHAND,,,Madhya Pradesh,SBI,Mini ATM / Cash@PoS,SBI Cash@PoS PDF,2026-06-24
SIDDHI VINAYAK,,,Madhya Pradesh,SBI,Mini ATM / Cash@PoS,SBI Cash@PoS PDF,2026-06-24
SINGH VAHINI,,,Madhya Pradesh,SBI,Mini ATM / Cash@PoS,SBI Cash@PoS PDF,2026-06-24
SANKESHWAR ROADLINES,,,Madhya Pradesh,SBI,Mini ATM / Cash@PoS,SBI Cash@PoS PDF,2026-06-24
NEW DAMOH,,,Madhya Pradesh,SBI,Mini ATM / Cash@PoS,SBI Cash@PoS PDF,2026-06-24
SWASTIK PETROLEUM,,,Madhya Pradesh,SBI,Mini ATM / Cash@PoS,SBI Cash@PoS PDF,2026-06-24
PRATHMESH PETROLEUM,,,Madhya Pradesh,SBI,Mini ATM / Cash@PoS,SBI Cash@PoS PDF,2026-06-24
SHAILPUTRI MAKALSUTA,,,Madhya Pradesh,SBI,Mini ATM / Cash@PoS,SBI Cash@PoS PDF,2026-06-24
PANDEY FILLING,,,Madhya Pradesh,SBI,Mini ATM / Cash@PoS,SBI Cash@PoS PDF,2026-06-24
CHAMPALAL DOLAJI,,,Madhya Pradesh,SBI,Mini ATM / Cash@PoS,SBI Cash@PoS PDF,2026-06-24
LUCKY BAGGA,,,Madhya Pradesh,SBI,Mini ATM / Cash@PoS,SBI Cash@PoS PDF,2026-06-24
VERMA FILLING,,,Madhya Pradesh,SBI,Mini ATM / Cash@PoS,SBI Cash@PoS PDF,2026-06-24
SHIV FILLING,,,Madhya Pradesh,SBI,Mini ATM / Cash@PoS,SBI Cash@PoS PDF,2026-06-24
SATNAM FUELS,,,Madhya Pradesh,SBI,Mini ATM / Cash@PoS,SBI Cash@PoS PDF,2026-06-24
TAHERI STORES,,,Madhya Pradesh,SBI,Mini ATM / Cash@PoS,SBI Cash@PoS PDF,2026-06-24
SANCHI FUELS,,,Madhya Pradesh,SBI,Mini ATM / Cash@PoS,SBI Cash@PoS PDF,2026-06-24
GITA FILLING,,,Madhya Pradesh,SBI,Mini ATM / Cash@PoS,SBI Cash@PoS PDF,2026-06-24
CHOUDHARY FILLING,,,Madhya Pradesh,SBI,Mini ATM / Cash@PoS,SBI Cash@PoS PDF,2026-06-24
BARGI RURAL,,,Madhya Pradesh,SBI,Mini ATM / Cash@PoS,SBI Cash@PoS PDF,2026-06-24
SAGAR FILLING,,,Madhya Pradesh,SBI,Mini ATM / Cash@PoS,SBI Cash@PoS PDF,2026-06-24
AASTHA FUELS,,,Madhya Pradesh,SBI,Mini ATM / Cash@PoS,SBI Cash@PoS PDF,2026-06-24
RAGHUNATH PRASAD,,,Madhya Pradesh,SBI,Mini ATM / Cash@PoS,SBI Cash@PoS PDF,2026-06-24
R R,,,Madhya Pradesh,SBI,Mini ATM / Cash@PoS,SBI Cash@PoS PDF,2026-06-24
CHOUDHARI PETROLEUM,,,Madhya Pradesh,SBI,Mini ATM / Cash@PoS,SBI Cash@PoS PDF,2026-06-24
SATYAPAL SINGH,,,Madhya Pradesh,SBI,Mini ATM / Cash@PoS,SBI Cash@PoS PDF,2026-06-24
PRAKASH CHAND,,,Madhya Pradesh,SBI,Mini ATM / Cash@PoS,SBI Cash@PoS PDF,2026-06-24
MAA SHAKAMBARI,,,Madhya Pradesh,SBI,Mini ATM / Cash@PoS,SBI Cash@PoS PDF,2026-06-24
Z.S. VISHINDASANI,,,Madhya Pradesh,SBI,Mini ATM / Cash@PoS,SBI Cash@PoS PDF,2026-06-24
SUDHEER AUTOMOBILES,,,Madhya Pradesh,SBI,Mini ATM / Cash@PoS,SBI Cash@PoS PDF,2026-06-24
SONKAR FUELS,,,Madhya Pradesh,SBI,Mini ATM / Cash@PoS,SBI Cash@PoS PDF,2026-06-24
SUKHMANI PETRO,,,Madhya Pradesh,SBI,Mini ATM / Cash@PoS,SBI Cash@PoS PDF,2026-06-24
UJWAL FILLING,,,Madhya Pradesh,SBI,Mini ATM / Cash@PoS,SBI Cash@PoS PDF,2026-06-24
BABA FUEL,,,Madhya Pradesh,SBI,Mini ATM / Cash@PoS,SBI Cash@PoS PDF,2026-06-24
RUSTUMJEE NUSSEERWANJEE,,,Madhya Pradesh,SBI,Mini ATM / Cash@PoS,SBI Cash@PoS PDF,2026-06-24
JAIN AUTOMOBILES,,,Madhya Pradesh,SBI,Mini ATM / Cash@PoS,SBI Cash@PoS PDF,2026-06-24
BADGAIYAN FILLING,,,Madhya Pradesh,SBI,Mini ATM / Cash@PoS,SBI Cash@PoS PDF,2026-06-24
E.M. HUSSAIN,,,Madhya Pradesh,SBI,Mini ATM / Cash@PoS,SBI Cash@PoS PDF,2026-06-24
RAAT DIN,,,Madhya Pradesh,SBI,Mini ATM / Cash@PoS,SBI Cash@PoS PDF,2026-06-24
MATESWARI FUELS,,,Madhya Pradesh,SBI,Mini ATM / Cash@PoS,SBI Cash@PoS PDF,2026-06-24
MAA NARMADA,,,Madhya Pradesh,SBI,Mini ATM / Cash@PoS,SBI Cash@PoS PDF,2026-06-24
GOPINATH LALBIHARI,,,Madhya Pradesh,SBI,Mini ATM / Cash@PoS,SBI Cash@PoS PDF,2026-06-24
PAL FILLING,,,Madhya Pradesh,SBI,Mini ATM / Cash@PoS,SBI Cash@PoS PDF,2026-06-24
ANIL TRANSPORT,,,Madhya Pradesh,SBI,Mini ATM / Cash@PoS,SBI Cash@PoS PDF,2026-06-24
PALIWAL FILLING,,,Madhya Pradesh,SBI,Mini ATM / Cash@PoS,SBI Cash@PoS PDF,2026-06-24
AMRIK SINGH,,,Madhya Pradesh,SBI,Mini ATM / Cash@PoS,SBI Cash@PoS PDF,2026-06-24
OM SAI,,,Maharashtra,SBI,Mini ATM / Cash@PoS,SBI Cash@PoS PDF,2026-06-24
OMRAJE PETROLEUM,,,Maharashtra,SBI,Mini ATM / Cash@PoS,SBI Cash@PoS PDF,2026-06-24
KAGAL PETROL,,,Maharashtra,SBI,Mini ATM / Cash@PoS,SBI Cash@PoS PDF,2026-06-24
SUPREME PETRO,,,Maharashtra,SBI,Mini ATM / Cash@PoS,SBI Cash@PoS PDF,2026-06-24
WANKHEDE PETROL,,,Maharashtra,SBI,Mini ATM / Cash@PoS,SBI Cash@PoS PDF,2026-06-24
MAA MAHAKALI,,,Maharashtra,SBI,Mini ATM / Cash@PoS,SBI Cash@PoS PDF,2026-06-24
BHAWANIMATA KALAMNA,,,Maharashtra,SBI,Mini ATM / Cash@PoS,SBI Cash@PoS PDF,2026-06-24
GLOBAL PETROLEUM,,,Maharashtra,SBI,Mini ATM / Cash@PoS,SBI Cash@PoS PDF,2026-06-24
MALGANGA PETROLEUM,,,Maharashtra,SBI,Mini ATM / Cash@PoS,SBI Cash@PoS PDF,2026-06-24
RADHASWAMI PETROLEUM,,,Maharashtra,SBI,Mini ATM / Cash@PoS,SBI Cash@PoS PDF,2026-06-24
VISHRANT PETROLEUM,,,Maharashtra,SBI,Mini ATM / Cash@PoS,SBI Cash@PoS PDF,2026-06-24
DEV FUELS,,,Maharashtra,SBI,Mini ATM / Cash@PoS,SBI Cash@PoS PDF,2026-06-24
J.SINGH BROTHERS.,,,Maharashtra,SBI,Mini ATM / Cash@PoS,SBI Cash@PoS PDF,2026-06-24
BABA PETROLEUM,,,Maharashtra,SBI,Mini ATM / Cash@PoS,SBI Cash@PoS PDF,2026-06-24
SUPRABHAT TRANSPORT,,,Maharashtra,SBI,Mini ATM / Cash@PoS,SBI Cash@PoS PDF,2026-06-24
DANGARE AUTO,,,Maharashtra,SBI,Mini ATM / Cash@PoS,SBI Cash@PoS PDF,2026-06-24
IRANI PETROL,,,Maharashtra,SBI,Mini ATM / Cash@PoS,SBI Cash@PoS PDF,2026-06-24
PANCHGANI TRADING,,,Maharashtra,SBI,Mini ATM / Cash@PoS,SBI Cash@PoS PDF,2026-06-24
SWAMI PETROLEUM,,,Maharashtra,SBI,Mini ATM / Cash@PoS,SBI Cash@PoS PDF,2026-06-24
GAYATRI PETROLEUM,,,Maharashtra,SBI,Mini ATM / Cash@PoS,SBI Cash@PoS PDF,2026-06-24
VIJAYRAJ PETROLEUM,,,Maharashtra,SBI,Mini ATM / Cash@PoS,SBI Cash@PoS PDF,2026-06-24
AMBIKA PETROLEUM,,,Maharashtra,SBI,Mini ATM / Cash@PoS,SBI Cash@PoS PDF,2026-06-24
CAR CARE,,,Maharashtra,SBI,Mini ATM / Cash@PoS,SBI Cash@PoS PDF,2026-06-24
SHOBHADAMODAR PETROLEUM,,,Maharashtra,SBI,Mini ATM / Cash@PoS,SBI Cash@PoS PDF,2026-06-24
SAI KRISHNA,,,Maharashtra,SBI,Mini ATM / Cash@PoS,SBI Cash@PoS PDF,2026-06-24
BUDHSINGH PRITAMSINGH,,,Maharashtra,SBI,Mini ATM / Cash@PoS,SBI Cash@PoS PDF,2026-06-24
BOPCHE PETROLEUM,,,Maharashtra,SBI,Mini ATM / Cash@PoS,SBI Cash@PoS PDF,2026-06-24
ASHOKA PETROLEUM,,,Maharashtra,SBI,Mini ATM / Cash@PoS,SBI Cash@PoS PDF,2026-06-24
SHREE GUPTALING,,,Maharashtra,SBI,Mini ATM / Cash@PoS,SBI Cash@PoS PDF,2026-06-24
SHREE SWAMI,,,Maharashtra,SBI,Mini ATM / Cash@PoS,SBI Cash@PoS PDF,2026-06-24
UNIVERSAL MOTORS,,,Maharashtra,SBI,Mini ATM / Cash@PoS,SBI Cash@PoS PDF,2026-06-24
VADGAON PETROLEUM,,,Maharashtra,SBI,Mini ATM / Cash@PoS,SBI Cash@PoS PDF,2026-06-24
CHANDRABHAN HADOLE,,,Maharashtra,SBI,Mini ATM / Cash@PoS,SBI Cash@PoS PDF,2026-06-24
BRAHMANGAON PHALBAUG,,,Maharashtra,SBI,Mini ATM / Cash@PoS,SBI Cash@PoS PDF,2026-06-24
SP AHMEDNAGAR-SHIRDI,,,Maharashtra,SBI,Mini ATM / Cash@PoS,SBI Cash@PoS PDF,2026-06-24
IMDAD ALI,,,Odisha,SBI,Mini ATM / Cash@PoS,SBI Cash@PoS PDF,2026-06-24
RUDRA SAINIK,,,Odisha,SBI,Mini ATM / Cash@PoS,SBI Cash@PoS PDF,2026-06-24
BHAMBRA HIGHWAY,,,Odisha,SBI,Mini ATM / Cash@PoS,SBI Cash@PoS PDF,2026-06-24
SAMANTARAY FILLING,,,Odisha,SBI,Mini ATM / Cash@PoS,SBI Cash@PoS PDF,2026-06-24
JHARANA FILLING,,,Odisha,SBI,Mini ATM / Cash@PoS,SBI Cash@PoS PDF,2026-06-24
CHIRANJILAL SANWARMAL,,,Odisha,SBI,Mini ATM / Cash@PoS,SBI Cash@PoS PDF,2026-06-24
BISWANATH KASHIPRASAD,,,Odisha,SBI,Mini ATM / Cash@PoS,SBI Cash@PoS PDF,2026-06-24
LEYA SERVICE,,,Odisha,SBI,Mini ATM / Cash@PoS,SBI Cash@PoS PDF,2026-06-24
PRUDENTIAL FILLING,,,Odisha,SBI,Mini ATM / Cash@PoS,SBI Cash@PoS PDF,2026-06-24
SWAGAT FILLING,,,Odisha,SBI,Mini ATM / Cash@PoS,SBI Cash@PoS PDF,2026-06-24
KAMALA FILLING,,,Odisha,SBI,Mini ATM / Cash@PoS,SBI Cash@PoS PDF,2026-06-24
SATYAM FILLING,,,Odisha,SBI,Mini ATM / Cash@PoS,SBI Cash@PoS PDF,2026-06-24
P C,,,Odisha,SBI,Mini ATM / Cash@PoS,SBI Cash@PoS PDF,2026-06-24
QUALITY FILLING,,,Odisha,SBI,Mini ATM / Cash@PoS,SBI Cash@PoS PDF,2026-06-24
RUDRANI FILLING,,,Odisha,SBI,Mini ATM / Cash@PoS,SBI Cash@PoS PDF,2026-06-24
SWAPNA CHANDI,,,Odisha,SBI,Mini ATM / Cash@PoS,SBI Cash@PoS PDF,2026-06-24
NATHAMAL RAJKUMAR/SAMBALPUR,,,Odisha,SBI,Mini ATM / Cash@PoS,SBI Cash@PoS PDF,2026-06-24
NATHAMAL RAJKUMAR/DHANKAUDA,,,Odisha,SBI,Mini ATM / Cash@PoS,SBI Cash@PoS PDF,2026-06-24
TATA NAGAR,,,Odisha,SBI,Mini ATM / Cash@PoS,SBI Cash@PoS PDF,2026-06-24
HINDUSTAN AUTOMOBILES,,,Odisha,SBI,Mini ATM / Cash@PoS,SBI Cash@PoS PDF,2026-06-24
GOURISANKAR FILLING,,,Odisha,SBI,Mini ATM / Cash@PoS,SBI Cash@PoS PDF,2026-06-24
SINGHABAHINI FUELS,,,Odisha,SBI,Mini ATM / Cash@PoS,SBI Cash@PoS PDF,2026-06-24
BINAYAKA FILLING,,,Odisha,SBI,Mini ATM / Cash@PoS,SBI Cash@PoS PDF,2026-06-24
MAA SAKAMBARI,,,Odisha,SBI,Mini ATM / Cash@PoS,SBI Cash@PoS PDF,2026-06-24
HRUSHIKESH FILLING,,,Odisha,SBI,Mini ATM / Cash@PoS,SBI Cash@PoS PDF,2026-06-24
SHRI KRISHNA,,,Odisha,SBI,Mini ATM / Cash@PoS,SBI Cash@PoS PDF,2026-06-24
ADISHAKTI FILLING,,,Odisha,SBI,Mini ATM / Cash@PoS,SBI Cash@PoS PDF,2026-06-24
DADHIBAMAN SERVICE,,,Odisha,SBI,Mini ATM / Cash@PoS,SBI Cash@PoS PDF,2026-06-24
CHANDAMAMA FILLING,,,Odisha,SBI,Mini ATM / Cash@PoS,SBI Cash@PoS PDF,2026-06-24
AKASHGANGA FILLING,,,Odisha,SBI,Mini ATM / Cash@PoS,SBI Cash@PoS PDF,2026-06-24
SHIBA SHANKAR,,,Odisha,SBI,Mini ATM / Cash@PoS,SBI Cash@PoS PDF,2026-06-24
URMILA FILLING,,,Odisha,SBI,Mini ATM / Cash@PoS,SBI Cash@PoS PDF,2026-06-24
BABA KARTIKESWAR,,,Odisha,SBI,Mini ATM / Cash@PoS,SBI Cash@PoS PDF,2026-06-24
AUTO CARE,,,Odisha,SBI,Mini ATM / Cash@PoS,SBI Cash@PoS PDF,2026-06-24
SUDEV PETROLEUMS,,,Punjab,SBI,Mini ATM / Cash@PoS,SBI Cash@PoS PDF,2026-06-24
BHAI KULDEEP,,,Punjab,SBI,Mini ATM / Cash@PoS,SBI Cash@PoS PDF,2026-06-24
EMM PEE,,,Punjab,SBI,Mini ATM / Cash@PoS,SBI Cash@PoS PDF,2026-06-24
GURU FILLING,,,Punjab,SBI,Mini ATM / Cash@PoS,SBI Cash@PoS PDF,2026-06-24
TERI OAT,,,Punjab,SBI,Mini ATM / Cash@PoS,SBI Cash@PoS PDF,2026-06-24
PUNIA FILLING,,,Punjab,SBI,Mini ATM / Cash@PoS,SBI Cash@PoS PDF,2026-06-24
GILL FILLERS,,,Punjab,SBI,Mini ATM / Cash@PoS,SBI Cash@PoS PDF,2026-06-24
ARMAAN FILLING,,,Punjab,SBI,Mini ATM / Cash@PoS,SBI Cash@PoS PDF,2026-06-24
ROYAL FILLING,,,Punjab,SBI,Mini ATM / Cash@PoS,SBI Cash@PoS PDF,2026-06-24
A2B FUEL,,,Punjab,SBI,Mini ATM / Cash@PoS,SBI Cash@PoS PDF,2026-06-24
ASHWINI FILLING,,,Punjab,SBI,Mini ATM / Cash@PoS,SBI Cash@PoS PDF,2026-06-24
RAM LAL,,,Punjab,SBI,Mini ATM / Cash@PoS,SBI Cash@PoS PDF,2026-06-24
SAINI FILLING,,,Punjab,SBI,Mini ATM / Cash@PoS,SBI Cash@PoS PDF,2026-06-24
SHIVA FUELS,,,Punjab,SBI,Mini ATM / Cash@PoS,SBI Cash@PoS PDF,2026-06-24
BABU RAM,,,Punjab,SBI,Mini ATM / Cash@PoS,SBI Cash@PoS PDF,2026-06-24
LAKSHMI CHAND,,,Punjab,SBI,Mini ATM / Cash@PoS,SBI Cash@PoS PDF,2026-06-24
MOHALI CARGO,,,Punjab,SBI,Mini ATM / Cash@PoS,SBI Cash@PoS PDF,2026-06-24
DAMDAMA FILLING,,,Punjab,SBI,Mini ATM / Cash@PoS,SBI Cash@PoS PDF,2026-06-24
DHANWANTI SERVICE,,,Punjab,SBI,Mini ATM / Cash@PoS,SBI Cash@PoS PDF,2026-06-24
SHIVA FILLING,,,Punjab,SBI,Mini ATM / Cash@PoS,SBI Cash@PoS PDF,2026-06-24
LAKHBIR FILLING,,,Punjab,SBI,Mini ATM / Cash@PoS,SBI Cash@PoS PDF,2026-06-24
MONGA FILLING,,,Punjab,SBI,Mini ATM / Cash@PoS,SBI Cash@PoS PDF,2026-06-24
PIPLI FILLING,,,Punjab,SBI,Mini ATM / Cash@PoS,SBI Cash@PoS PDF,2026-06-24
KHANAURI SERVICE,,,Punjab,SBI,Mini ATM / Cash@PoS,SBI Cash@PoS PDF,2026-06-24
SPK FUELS,,,Punjab,SBI,Mini ATM / Cash@PoS,SBI Cash@PoS PDF,2026-06-24
HARBHAJAN FILLING,,,Punjab,SBI,Mini ATM / Cash@PoS,SBI Cash@PoS PDF,2026-06-24
AASHIRWAD FILLING,,,Punjab,SBI,Mini ATM / Cash@PoS,SBI Cash@PoS PDF,2026-06-24
HANS RAJ,,,Punjab,SBI,Mini ATM / Cash@PoS,SBI Cash@PoS PDF,2026-06-24
DANGARHIA FILLING,,,Punjab,SBI,Mini ATM / Cash@PoS,SBI Cash@PoS PDF,2026-06-24
PUNJAB SERVICE,,,Punjab,SBI,Mini ATM / Cash@PoS,SBI Cash@PoS PDF,2026-06-24
DIWAKAR FARMS,,,Punjab,SBI,Mini ATM / Cash@PoS,SBI Cash@PoS PDF,2026-06-24
M.M.FILLING STATION,,,Punjab,SBI,Mini ATM / Cash@PoS,SBI Cash@PoS PDF,2026-06-24
BAJRANG FILLING,,,Punjab,SBI,Mini ATM / Cash@PoS,SBI Cash@PoS PDF,2026-06-24
NARSI RAM,,,Punjab,SBI,Mini ATM / Cash@PoS,SBI Cash@PoS PDF,2026-06-24
SITA RAM,,,Punjab,SBI,Mini ATM / Cash@PoS,SBI Cash@PoS PDF,2026-06-24
SUBHASH OIL,,,Punjab,SBI,Mini ATM / Cash@PoS,SBI Cash@PoS PDF,2026-06-24
HARBANS OIL,,,Punjab,SBI,Mini ATM / Cash@PoS,SBI Cash@PoS PDF,2026-06-24
SHADI RAM,,,Punjab,SBI,Mini ATM / Cash@PoS,SBI Cash@PoS PDF,2026-06-24
HARGOBIND BUS,,,Punjab,SBI,Mini ATM / Cash@PoS,SBI Cash@PoS PDF,2026-06-24
AGGARWAL AGRO,,,Punjab,SBI,Mini ATM / Cash@PoS,SBI Cash@PoS PDF,2026-06-24
SANDHU FILLING,,,Punjab,SBI,Mini ATM / Cash@PoS,SBI Cash@PoS PDF,2026-06-24
KRISHNA FILLING,,,Punjab,SBI,Mini ATM / Cash@PoS,SBI Cash@PoS PDF,2026-06-24
MUKERAIN PETROL,,,Punjab,SBI,Mini ATM / Cash@PoS,SBI Cash@PoS PDF,2026-06-24
SAT PRAKASH,,,Punjab,SBI,Mini ATM / Cash@PoS,SBI Cash@PoS PDF,2026-06-24
JAIN AGRO,,,Punjab,SBI,Mini ATM / Cash@PoS,SBI Cash@PoS PDF,2026-06-24
VERMA FILLING,,,Punjab,SBI,Mini ATM / Cash@PoS,SBI Cash@PoS PDF,2026-06-24
JINDAL FILLING,,,Punjab,SBI,Mini ATM / Cash@PoS,SBI Cash@PoS PDF,2026-06-24
HARDAS FUEL,,,Punjab,SBI,Mini ATM / Cash@PoS,SBI Cash@PoS PDF,2026-06-24
KALYANI FILLING,,,Rajasthan,SBI,Mini ATM / Cash@PoS,SBI Cash@PoS PDF,2026-06-24
KARANVEER HIGHWAY,,,Rajasthan,SBI,Mini ATM / Cash@PoS,SBI Cash@PoS PDF,2026-06-24
PUROHIT SERVICE,,,Rajasthan,SBI,Mini ATM / Cash@PoS,SBI Cash@PoS PDF,2026-06-24
SHRI GANESH,,,Rajasthan,SBI,Mini ATM / Cash@PoS,SBI Cash@PoS PDF,2026-06-24
CH. BHOORAMAL,,,Rajasthan,SBI,Mini ATM / Cash@PoS,SBI Cash@PoS PDF,2026-06-24
SHIVSHAKTI FUEL,,,Rajasthan,SBI,Mini ATM / Cash@PoS,SBI Cash@PoS PDF,2026-06-24
KULDEEP FILLING,,,Rajasthan,SBI,Mini ATM / Cash@PoS,SBI Cash@PoS PDF,2026-06-24
AMARNATH GUPTA,,,Rajasthan,SBI,Mini ATM / Cash@PoS,SBI Cash@PoS PDF,2026-06-24
ARCHAN FILLING,,,Rajasthan,SBI,Mini ATM / Cash@PoS,SBI Cash@PoS PDF,2026-06-24
JAIN BROTHERS,,,Rajasthan,SBI,Mini ATM / Cash@PoS,SBI Cash@PoS PDF,2026-06-24
D.G.S.ASSOCITES PIPALKHERA,,,Rajasthan,SBI,Mini ATM / Cash@PoS,SBI Cash@PoS PDF,2026-06-24
GOYAL PETROLEUM,,,Rajasthan,SBI,Mini ATM / Cash@PoS,SBI Cash@PoS PDF,2026-06-24
BHARDWAJ FILLING,,,Rajasthan,SBI,Mini ATM / Cash@PoS,SBI Cash@PoS PDF,2026-06-24
ASHOKA FILLING,,,Rajasthan,SBI,Mini ATM / Cash@PoS,SBI Cash@PoS PDF,2026-06-24
JAIN AGRO,,,Rajasthan,SBI,Mini ATM / Cash@PoS,SBI Cash@PoS PDF,2026-06-24
RAJKAMAL BORING,,,Rajasthan,SBI,Mini ATM / Cash@PoS,SBI Cash@PoS PDF,2026-06-24
JAISHREE FILLING,,,Rajasthan,SBI,Mini ATM / Cash@PoS,SBI Cash@PoS PDF,2026-06-24
JAMANSINGH PABUSINGH,,,Rajasthan,SBI,Mini ATM / Cash@PoS,SBI Cash@PoS PDF,2026-06-24
KISAN PETROL,,,Rajasthan,SBI,Mini ATM / Cash@PoS,SBI Cash@PoS PDF,2026-06-24
SHRI YADAV,,,Rajasthan,SBI,Mini ATM / Cash@PoS,SBI Cash@PoS PDF,2026-06-24
AMBAY FILLING,,,Rajasthan,SBI,Mini ATM / Cash@PoS,SBI Cash@PoS PDF,2026-06-24
RAMNIWAS VIJAY,,,Rajasthan,SBI,Mini ATM / Cash@PoS,SBI Cash@PoS PDF,2026-06-24
BEAWAR FILLING,,,Rajasthan,SBI,Mini ATM / Cash@PoS,SBI Cash@PoS PDF,2026-06-24
MANISHA FILLING,,,Rajasthan,SBI,Mini ATM / Cash@PoS,SBI Cash@PoS PDF,2026-06-24
Raj Filling,,,Rajasthan,SBI,Mini ATM / Cash@PoS,SBI Cash@PoS PDF,2026-06-24
RAJ &,,,Rajasthan,SBI,Mini ATM / Cash@PoS,SBI Cash@PoS PDF,2026-06-24
BLUE CITY,,,Rajasthan,SBI,Mini ATM / Cash@PoS,SBI Cash@PoS PDF,2026-06-24
GHANSHYAM LAL,,,Rajasthan,SBI,Mini ATM / Cash@PoS,SBI Cash@PoS PDF,2026-06-24
SAI RENA,,,Tamil Nadu,SBI,Mini ATM / Cash@PoS,SBI Cash@PoS PDF,2026-06-24
SHANBHAGAM FUELS,,,Tamil Nadu,SBI,Mini ATM / Cash@PoS,SBI Cash@PoS PDF,2026-06-24
GOWTHAM AGENCIES,,,Tamil Nadu,SBI,Mini ATM / Cash@PoS,SBI Cash@PoS PDF,2026-06-24
GAJAPATHI AGENCIES,,,Tamil Nadu,SBI,Mini ATM / Cash@PoS,SBI Cash@PoS PDF,2026-06-24
KARISHMA PETROL,,,Tamil Nadu,SBI,Mini ATM / Cash@PoS,SBI Cash@PoS PDF,2026-06-24
SRI SAI,,,Tamil Nadu,SBI,Mini ATM / Cash@PoS,SBI Cash@PoS PDF,2026-06-24
SRI SRINIVASA,,,Tamil Nadu,SBI,Mini ATM / Cash@PoS,SBI Cash@PoS PDF,2026-06-24
THILLAAI AAGENCIES,,,Tamil Nadu,SBI,Mini ATM / Cash@PoS,SBI Cash@PoS PDF,2026-06-24
MOTHERSON TRADER,,,Tamil Nadu,SBI,Mini ATM / Cash@PoS,SBI Cash@PoS PDF,2026-06-24
LAKSHMI AGENCY,,,Tamil Nadu,SBI,Mini ATM / Cash@PoS,SBI Cash@PoS PDF,2026-06-24
SATTUR LORRY,,,Tamil Nadu,SBI,Mini ATM / Cash@PoS,SBI Cash@PoS PDF,2026-06-24
K.P.S.AGENCIES KUNNAM,,,Tamil Nadu,SBI,Mini ATM / Cash@PoS,SBI Cash@PoS PDF,2026-06-24
RAJ ENTERPRISES,,,Tamil Nadu,SBI,Mini ATM / Cash@PoS,SBI Cash@PoS PDF,2026-06-24
K.S.N.AGENCY SIRKAZHI,,,Tamil Nadu,SBI,Mini ATM / Cash@PoS,SBI Cash@PoS PDF,2026-06-24
UTHIESH SEMAGO,,,Tamil Nadu,SBI,Mini ATM / Cash@PoS,SBI Cash@PoS PDF,2026-06-24
ABINAYA TRADERS,,,Tamil Nadu,SBI,Mini ATM / Cash@PoS,SBI Cash@PoS PDF,2026-06-24
V.R.K. AGENCIES,,,Tamil Nadu,SBI,Mini ATM / Cash@PoS,SBI Cash@PoS PDF,2026-06-24
SRI BALAJI,,,Tamil Nadu,SBI,Mini ATM / Cash@PoS,SBI Cash@PoS PDF,2026-06-24
VEL AGENCY,,,Tamil Nadu,SBI,Mini ATM / Cash@PoS,SBI Cash@PoS PDF,2026-06-24
L.SUBBIAH PALANI,,,Tamil Nadu,SBI,Mini ATM / Cash@PoS,SBI Cash@PoS PDF,2026-06-24
ASWINI AUTOMOBILES,,,Tamil Nadu,SBI,Mini ATM / Cash@PoS,SBI Cash@PoS PDF,2026-06-24
T.P.R.S.FUELS IRUNGATTUKOTTAI,,,Tamil Nadu,SBI,Mini ATM / Cash@PoS,SBI Cash@PoS PDF,2026-06-24
BHARAT AGENCIES,,,Tamil Nadu,SBI,Mini ATM / Cash@PoS,SBI Cash@PoS PDF,2026-06-24
PASILY PETROLEUM,,,Tamil Nadu,SBI,Mini ATM / Cash@PoS,SBI Cash@PoS PDF,2026-06-24
v s,,,Tamil Nadu,SBI,Mini ATM / Cash@PoS,SBI Cash@PoS PDF,2026-06-24
A R,,,Tamil Nadu,SBI,Mini ATM / Cash@PoS,SBI Cash@PoS PDF,2026-06-24
NEXUS PETRO,,,Tamil Nadu,SBI,Mini ATM / Cash@PoS,SBI Cash@PoS PDF,2026-06-24
K P,,,Tamil Nadu,SBI,Mini ATM / Cash@PoS,SBI Cash@PoS PDF,2026-06-24
THIRU VENKATESWARA,,,Tamil Nadu,SBI,Mini ATM / Cash@PoS,SBI Cash@PoS PDF,2026-06-24
TRK FILLING,,,Tamil Nadu,SBI,Mini ATM / Cash@PoS,SBI Cash@PoS PDF,2026-06-24
KOODAKOVIL FILLING,,,Tamil Nadu,SBI,Mini ATM / Cash@PoS,SBI Cash@PoS PDF,2026-06-24
SATHYAMANGALAM LORRY,,,Tamil Nadu,SBI,Mini ATM / Cash@PoS,SBI Cash@PoS PDF,2026-06-24
SRI MAHALINGAM,,,Tamil Nadu,SBI,Mini ATM / Cash@PoS,SBI Cash@PoS PDF,2026-06-24
VINU AGENCEY,,,Tamil Nadu,SBI,Mini ATM / Cash@PoS,SBI Cash@PoS PDF,2026-06-24
LINGESWARA FILLING,,,Telangana,SBI,Mini ATM / Cash@PoS,SBI Cash@PoS PDF,2026-06-24
LEGALA RAMAKRISHNA,,,Telangana,SBI,Mini ATM / Cash@PoS,SBI Cash@PoS PDF,2026-06-24
LAKSHMI MANIKANTA,,,Andhra Pradesh,SBI,Mini ATM / Cash@PoS,SBI Cash@PoS PDF,2026-06-24
V MALLA,,,Telangana,SBI,Mini ATM / Cash@PoS,SBI Cash@PoS PDF,2026-06-24
GURU RAJ,,,Telangana,SBI,Mini ATM / Cash@PoS,SBI Cash@PoS PDF,2026-06-24
SRI VENKATESHWARA,,,Telangana,SBI,Mini ATM / Cash@PoS,SBI Cash@PoS PDF,2026-06-24
SRI VIGNESHWARA,,,Andhra Pradesh,SBI,Mini ATM / Cash@PoS,SBI Cash@PoS PDF,2026-06-24
ABHAYA AANJANEYA,,,Andhra Pradesh,SBI,Mini ATM / Cash@PoS,SBI Cash@PoS PDF,2026-06-24
BALAJI FILLING,,,Telangana,SBI,Mini ATM / Cash@PoS,SBI Cash@PoS PDF,2026-06-24
JAI KRISHNAA,,,Telangana,SBI,Mini ATM / Cash@PoS,SBI Cash@PoS PDF,2026-06-24
TIRUMALDEVGUTTA SERVICE,,,Telangana,SBI,Mini ATM / Cash@PoS,SBI Cash@PoS PDF,2026-06-24
S.S ENTERPRISES,,,Telangana,SBI,Mini ATM / Cash@PoS,SBI Cash@PoS PDF,2026-06-24
S.L.N FILLING,,,Telangana,SBI,Mini ATM / Cash@PoS,SBI Cash@PoS PDF,2026-06-24
AMBICA FILLING,,,Telangana,SBI,Mini ATM / Cash@PoS,SBI Cash@PoS PDF,2026-06-24
RAJARAJESHWARI FILLING,,,Telangana,SBI,Mini ATM / Cash@PoS,SBI Cash@PoS PDF,2026-06-24
MADHUMEGHA FUEL,,,Telangana,SBI,Mini ATM / Cash@PoS,SBI Cash@PoS PDF,2026-06-24
SARANG AUTOLLINES,,,Telangana,SBI,Mini ATM / Cash@PoS,SBI Cash@PoS PDF,2026-06-24
SRINIVASA FILLING,,,Andhra Pradesh,SBI,Mini ATM / Cash@PoS,SBI Cash@PoS PDF,2026-06-24
SRI SAIBALAJI,,,Telangana,SBI,Mini ATM / Cash@PoS,SBI Cash@PoS PDF,2026-06-24
DEVI PETRO,,,Telangana,SBI,Mini ATM / Cash@PoS,SBI Cash@PoS PDF,2026-06-24
LAXMI FILLING,,,Telangana,SBI,Mini ATM / Cash@PoS,SBI Cash@PoS PDF,2026-06-24
Sham Auto,,,Telangana,SBI,Mini ATM / Cash@PoS,SBI Cash@PoS PDF,2026-06-24
Sri Ala,,,Telangana,SBI,Mini ATM / Cash@PoS,SBI Cash@PoS PDF,2026-06-24
Sri Lakshmi,,,Telangana,SBI,Mini ATM / Cash@PoS,SBI Cash@PoS PDF,2026-06-24
CHITYAL FILLING,,,Telangana,SBI,Mini ATM / Cash@PoS,SBI Cash@PoS PDF,2026-06-24
Sai Baba,,,Telangana,SBI,Mini ATM / Cash@PoS,SBI Cash@PoS PDF,2026-06-24
SRI MALLIKARJUNA,,,Telangana,SBI,Mini ATM / Cash@PoS,SBI Cash@PoS PDF,2026-06-24
JAGWANTI FUEL,,,Uttar Pradesh,SBI,Mini ATM / Cash@PoS,SBI Cash@PoS PDF,2026-06-24
BALAJI AUTO,,,Uttar Pradesh,SBI,Mini ATM / Cash@PoS,SBI Cash@PoS PDF,2026-06-24
SUNDARAM SERVICE,,,Uttar Pradesh,SBI,Mini ATM / Cash@PoS,SBI Cash@PoS PDF,2026-06-24
KISAN AUTO,,,Uttar Pradesh,SBI,Mini ATM / Cash@PoS,SBI Cash@PoS PDF,2026-06-24
USHA FILLING,,,Uttar Pradesh,SBI,Mini ATM / Cash@PoS,SBI Cash@PoS PDF,2026-06-24
AMBER FILLING,,,Uttar Pradesh,SBI,Mini ATM / Cash@PoS,SBI Cash@PoS PDF,2026-06-24
UNITED BROTHERS,,,Uttar Pradesh,SBI,Mini ATM / Cash@PoS,SBI Cash@PoS PDF,2026-06-24
KSHATRIYA FILLING,,,Uttar Pradesh,SBI,Mini ATM / Cash@PoS,SBI Cash@PoS PDF,2026-06-24
KALI FILLING,,,Uttar Pradesh,SBI,Mini ATM / Cash@PoS,SBI Cash@PoS PDF,2026-06-24
ASHIRWAD FILLING,,,Uttar Pradesh,SBI,Mini ATM / Cash@PoS,SBI Cash@PoS PDF,2026-06-24
BHOOP SINGH,,,Uttar Pradesh,SBI,Mini ATM / Cash@PoS,SBI Cash@PoS PDF,2026-06-24
RICHHARIYA HIGHWAY,,,Uttar Pradesh,SBI,Mini ATM / Cash@PoS,SBI Cash@PoS PDF,2026-06-24
HARNARAIN RAJENDRA,,,Uttar Pradesh,SBI,Mini ATM / Cash@PoS,SBI Cash@PoS PDF,2026-06-24
MOOSA RAM,,,Uttar Pradesh,SBI,Mini ATM / Cash@PoS,SBI Cash@PoS PDF,2026-06-24
PRASHANT SERVICE,,,Uttar Pradesh,SBI,Mini ATM / Cash@PoS,SBI Cash@PoS PDF,2026-06-24
MOSA RAM,,,Uttar Pradesh,SBI,Mini ATM / Cash@PoS,SBI Cash@PoS PDF,2026-06-24
PANACHE PETROLEUM,,,Uttar Pradesh,SBI,Mini ATM / Cash@PoS,SBI Cash@PoS PDF,2026-06-24
BAHADURGARH FILLING,,,Uttar Pradesh,SBI,Mini ATM / Cash@PoS,SBI Cash@PoS PDF,2026-06-24
BEST AUTO,,,Uttar Pradesh,SBI,Mini ATM / Cash@PoS,SBI Cash@PoS PDF,2026-06-24
VISHNU AUTOMOBILES,,,Uttar Pradesh,SBI,Mini ATM / Cash@PoS,SBI Cash@PoS PDF,2026-06-24
AMBIKA SHANKAR,,,Uttar Pradesh,SBI,Mini ATM / Cash@PoS,SBI Cash@PoS PDF,2026-06-24
SATYAM FILLING,,,Uttar Pradesh,SBI,Mini ATM / Cash@PoS,SBI Cash@PoS PDF,2026-06-24
SRI HARI,,,Uttar Pradesh,SBI,Mini ATM / Cash@PoS,SBI Cash@PoS PDF,2026-06-24
VIJAY FILLING,,,Uttar Pradesh,SBI,Mini ATM / Cash@PoS,SBI Cash@PoS PDF,2026-06-24
JAI JAGESHWAR,,,Uttar Pradesh,SBI,Mini ATM / Cash@PoS,SBI Cash@PoS PDF,2026-06-24
RAJEEV SINGH,,,Uttar Pradesh,SBI,Mini ATM / Cash@PoS,SBI Cash@PoS PDF,2026-06-24
MELA FILLING,,,Uttar Pradesh,SBI,Mini ATM / Cash@PoS,SBI Cash@PoS PDF,2026-06-24
AGRIM PETROLEUM,,,Uttar Pradesh,SBI,Mini ATM / Cash@PoS,SBI Cash@PoS PDF,2026-06-24
RAM RATAN,,,Uttar Pradesh,SBI,Mini ATM / Cash@PoS,SBI Cash@PoS PDF,2026-06-24
RADHEY PETROLEUM,,,Uttar Pradesh,SBI,Mini ATM / Cash@PoS,SBI Cash@PoS PDF,2026-06-24
GAJADHAR PANDEY,,,Uttar Pradesh,SBI,Mini ATM / Cash@PoS,SBI Cash@PoS PDF,2026-06-24
GOPAL JEE,,,Uttar Pradesh,SBI,Mini ATM / Cash@PoS,SBI Cash@PoS PDF,2026-06-24
MAQDOOM SABRI,,,Uttar Pradesh,SBI,Mini ATM / Cash@PoS,SBI Cash@PoS PDF,2026-06-24
MOHD. BUX,,,Uttar Pradesh,SBI,Mini ATM / Cash@PoS,SBI Cash@PoS PDF,2026-06-24
PUSHPA FUEL,,,West Bengal,SBI,Mini ATM / Cash@PoS,SBI Cash@PoS PDF,2026-06-24
TANIYA FUEL,,,West Bengal,SBI,Mini ATM / Cash@PoS,SBI Cash@PoS PDF,2026-06-24
PRATYUSH OIL,,,West Bengal,SBI,Mini ATM / Cash@PoS,SBI Cash@PoS PDF,2026-06-24
BIDHAN SERVICE,,,West Bengal,SBI,Mini ATM / Cash@PoS,SBI Cash@PoS PDF,2026-06-24
D.P.HIGHWAY ENTERPRISE,,,West Bengal,SBI,Mini ATM / Cash@PoS,SBI Cash@PoS PDF,2026-06-24
MAHAKAL SERVICE,,,West Bengal,SBI,Mini ATM / Cash@PoS,SBI Cash@PoS PDF,2026-06-24
RAMAWATAR BROTHERS,,,West Bengal,SBI,Mini ATM / Cash@PoS,SBI Cash@PoS PDF,2026-06-24
P.C.CHATTERJEE PLASSEY,,,West Bengal,SBI,Mini ATM / Cash@PoS,SBI Cash@PoS PDF,2026-06-24
MAHAMAYA FUEL,,,West Bengal,SBI,Mini ATM / Cash@PoS,SBI Cash@PoS PDF,2026-06-24
PATRA PETROLEUM,,,West Bengal,SBI,Mini ATM / Cash@PoS,SBI Cash@PoS PDF,2026-06-24
TARAFDAR PETROL,,,West Bengal,SBI,Mini ATM / Cash@PoS,SBI Cash@PoS PDF,2026-06-24
BAGCHI S/STN,,,West Bengal,SBI,Mini ATM / Cash@PoS,SBI Cash@PoS PDF,2026-06-24
GEETA FILLING,,,West Bengal,SBI,Mini ATM / Cash@PoS,SBI Cash@PoS PDF,2026-06-24
MA DURGA,,,West Bengal,SBI,Mini ATM / Cash@PoS,SBI Cash@PoS PDF,2026-06-24
PRAMANIK FILLING,,,West Bengal,SBI,Mini ATM / Cash@PoS,SBI Cash@PoS PDF,2026-06-24
PGS OIL,,,West Bengal,SBI,Mini ATM / Cash@PoS,SBI Cash@PoS PDF,2026-06-24
ANUPAM KOLKATA,,,West Bengal,SBI,Mini ATM / Cash@PoS,SBI Cash@PoS PDF,2026-06-24
MAA ANNAPURNA,,,West Bengal,SBI,Mini ATM / Cash@PoS,SBI Cash@PoS PDF,2026-06-24
ONKAR SERVICE,,,West Bengal,SBI,Mini ATM / Cash@PoS,SBI Cash@PoS PDF,2026-06-24
KUMAR SERVICE,,,West Bengal,SBI,Mini ATM / Cash@PoS,SBI Cash@PoS PDF,2026-06-24
PAULSON HIGHWAY,,,West Bengal,SBI,Mini ATM / Cash@PoS,SBI Cash@PoS PDF,2026-06-24
ROY ENERGY,,,West Bengal,SBI,Mini ATM / Cash@PoS,SBI Cash@PoS PDF,2026-06-24
SOMENATH FILLING,,,West Bengal,SBI,Mini ATM / Cash@PoS,SBI Cash@PoS PDF,2026-06-24
GOENKA &,,,West Bengal,SBI,Mini ATM / Cash@PoS,SBI Cash@PoS PDF,2026-06-24
S.K.NATH &,,,West Bengal,SBI,Mini ATM / Cash@PoS,SBI Cash@PoS PDF,2026-06-24
KAPILESWAR FILLING,,,West Bengal,SBI,Mini ATM / Cash@PoS,SBI Cash@PoS PDF,2026-06-24
MILON FUEL,,,West Bengal,SBI,Mini ATM / Cash@PoS,SBI Cash@PoS PDF,2026-06-24
RAJENDRA FILLING,,,West Bengal,SBI,Mini ATM / Cash@PoS,SBI Cash@PoS PDF,2026-06-24
LAXMITARA FILLING,,,West Bengal,SBI,Mini ATM / Cash@PoS,SBI Cash@PoS PDF,2026-06-24
KHAN SERVICE,,,West Bengal,SBI,Mini ATM / Cash@PoS,SBI Cash@PoS PDF,2026-06-24
UNIQUE FUELS,,,West Bengal,SBI,Mini ATM / Cash@PoS,SBI Cash@PoS PDF,2026-06-24
BABAPANCHANAN KAMDEVPUR,,,West Bengal,SBI,Mini ATM / Cash@PoS,SBI Cash@PoS PDF,2026-06-24
BHOLANATH FUEL,,,West Bengal,SBI,Mini ATM / Cash@PoS,SBI Cash@PoS PDF,2026-06-24
